Country Name,Country Code,Indicator Name,Indicator Code,1970,1971,1972,1973,1974,1975,1976,1977,1978,1979,1980,1981,1982,1983,1984,1985,1986,1987,1988,1989,1990,1991,1992,1993,1994,1995,1996,1997,1998,1999,2000,2001,2002,2003,2004,2005,2006,2007,2008,2009,2010,2011,2012,2013,2014,2015,
Afghanistan,AFG,"Gross enrolment ratio, primary to tertiary, both sexes (%)",SE.TOT.ENRR,16.10718918,16.93272018,17.48875046,17.91406059,18.22294998,18.18876076,18.9493103,19.63110924,20.59692955,,,,11.61981964,,,,16.27206039,,,,17.40553093,,,,,,,,,,,,,47.19974899,53.93452072,,,,,62.00101852,,65.11186981,,,69.51721191,,
Albania,ALB,"Gross enrolment ratio, primary to tertiary, both sexes (%)",SE.TOT.ENRR,,,,,,,,,72.96080017,,,71.15583801,,65.74681091,66.11026764,67.6576767,69.21611786,68.63259888,68.82128143,69.12006378,69.87679291,70.88600922,64.80814362,61.98669815,62.26050949,63.09640884,63.64421082,65.44802856,66.5622406,66.71922302,66.29750824,66.68930817,66.17106628,66.57508087,66.10122681,68.41731262,68.64105225,70.71582794,71.8975296,73.05011749,77.74791718,80.71607971,84.47772217,87.54178619,88.44812012,86.38816071,
Algeria,DZA,"Gross enrolment ratio, primary to tertiary, both sexes (%)",SE.TOT.ENRR,,,,,,,,,,,,,,,,,,57.55350113,58.51054001,,61.07157898,61.30857849,61.90246964,61.807621,62.00576019,61.56465912,62.0306282,,,65.32415009,,66.72116089,68.23034668,69.04746246,70.3442688,71.01403046,70.99041748,67.72212982,,76.96647644,79.20500946,80.96907043,,,,,
American Samoa,ASM,"Gross enrolment ratio, primary to tertiary, both sexes (%)",SE.TOT.ENRR,,,,,,,,,,,,,,,,,,,,,,,,,,,,,,,,,,,,,,,,,,,,,,,
Andorra,AND,"Gross enrolment ratio, primary to tertiary, both sexes (%)",SE.TOT.ENRR,,,,,,,,,,,,,,,,,,,,,,,,,,,,,,,,,,,,,,,,,,,,,,,
Angola,AGO,"Gross enrolment ratio, primary to tertiary, both sexes (%)",SE.TOT.ENRR,,,,,,,,,,,,,,,,,,,30.91469955,31.54207993,29.82196999,28.05569077,27.78861046,,,,,,29.68518066,,,,,,,,,,,,60.04576111,67.0952301,,,,,
Antigua and Barbuda,ATG,"Gross enrolment ratio, primary to tertiary, both sexes (%)",SE.TOT.ENRR,,,,,,,,,,,,,,,,,,,,,,,,,,,,,,,,,,,,,,,,84.28604889,83.67134857,81.30802155,82.03106689,,,,
Argentina,ARG,"Gross enrolment ratio, primary to tertiary, both sexes (%)",SE.TOT.ENRR,62.25889969,63.24908066,63.72824097,64.98525238,66.90157318,68.45249939,68.91867828,68.6902771,68.05010986,68.7791214,69.29728699,70.68345642,71.79270935,,74.48423767,77.89396667,78.88876343,79.49239349,,,,79.79560852,,,78.56360626,,,,82.58522797,88.24639893,91.55127716,93.77867889,94.94689178,94.59401703,95.06854248,93.79338074,94.92825317,95.02484131,96.08342743,97.60227203,99.10566711,100.0531235,100.4047699,100.228653,101.0477905,,
Armenia,ARM,"Gross enrolment ratio, primary to tertiary, both sexes (%)",SE.TOT.ENRR,,,,,,,,,,,,,,,,,,,,,,74.40853119,74.12429047,75.70970917,73.85614014,,71.18000031,79.31868744,77.11765289,77.67236328,75.78868103,73.38897705,,,71.67652893,72.68483734,74.96447754,77.27021027,76.51664734,78.25379944,,,,,,74.47618103,
Aruba,ABW,"Gross enrolment ratio, primary to tertiary, both sexes (%)",SE.TOT.ENRR,,,,,,,,,,,,,,,,,,,,,,,,,,,,,,85.80003357,85.35649872,84.1446991,84.39980316,82.89349365,82.59403992,83.68575287,84.73545074,88.00395966,85.26880646,86.4758606,86.54612732,83.56725311,86.39325714,,,,
Australia,AUS,"Gross enrolment ratio, primary to tertiary, both sexes (%)",SE.TOT.ENRR,,,,,,,,,,,,,,,,,,,,,,,,102.1739731,102.1641617,105.4124603,109.0821533,112.1815109,114.0143433,113.9586563,115.7974091,113.1776276,115.5549393,115.5234222,112.9154282,112.5701294,105.34021,105.9857178,106.4081879,108.6919937,111.1970673,113.4051514,115.458168,115.5171738,116.2322998,,
Austria,AUT,"Gross enrolment ratio, primary to tertiary, both sexes (%)",SE.TOT.ENRR,,72.8500824,,,,,74.45194244,,,,,72.25572968,71.13307953,70.98155212,70.55654144,71.25804901,73.13677216,73.70436096,74.76454163,75.69354248,77.45202637,79.08453369,81.46077728,83.31004333,84.76026154,86.09877014,87.03656769,87.99403381,89.10527802,90.39167023,91.33686066,91.34126282,87.57331848,87.13596344,88.13378906,88.70102692,89.62654114,89.4045105,90.78333282,91.5879364,93.56609344,93.7057724,93.91021729,94.50170898,94.64607239,95.63780975,
Azerbaijan,AZE,"Gross enrolment ratio, primary to tertiary, both sexes (%)",SE.TOT.ENRR,,,,,,,,,,,,73.83641815,,,,,75.54241943,,,73.96520233,72.13394928,71.83242035,72.50724792,71.7306366,70.56375122,70.26470184,64.33804321,64.43000793,,,,,,,,,,,,,,,,,,,
"Bahamas, The",BHS,"Gross enrolment ratio, primary to tertiary, both sexes (%)",SE.TOT.ENRR,,,,,,,,,,,76.8115921,73.62329865,71.85218811,70.48297119,71.00363159,71.81667328,73.21450806,,,,,,,,,70.0092926,,,,,,,,,,,,,,,,,,,,,
Bahrain,BHR,"Gross enrolment ratio, primary to tertiary, both sexes (%)",SE.TOT.ENRR,,63.88874817,62.83510971,62.14953995,62.36407852,63.46128845,62.45146942,61.57794189,61.37334061,61.9234581,58.69017029,60.37976837,63.1779213,,,77.32025146,81.08674622,78.55445099,78.50379181,,,82.01431274,79.86446381,80.72122192,81.1049881,81.74375153,81.93003082,,,79.4595108,,,,77.56375122,,73.6763916,74.49350739,,,,,80.96235657,79.56445313,80.8108902,82.98249817,88.53778076,
Bangladesh,BGD,"Gross enrolment ratio, primary to tertiary, both sexes (%)",SE.TOT.ENRR,,,,37.85702133,,,37.7389183,35.10124969,,33.24264908,33.15074158,31.55433083,,34.08438873,33.88088989,33.01739883,32.65824127,32.25268936,36.04327011,35.85206985,37.16056061,,,,,,,,,,,,,,,51.29063034,51.90383148,52.07302856,50.8910408,53.93138885,,59.21717834,,,,,
Barbados,BRB,"Gross enrolment ratio, primary to tertiary, both sexes (%)",SE.TOT.ENRR,,69.22412872,68.58084106,68.67500305,65.50643158,,,,,,,69.27465057,69.30890656,,72.3272171,74.45451355,,,,74.74736786,72.47075653,,,,,,,,,87.91085815,88.07293701,87.643013,,,,,,95.35353851,,99.17471313,96.95126343,95.73803711,,,,,
Belarus,BLR,"Gross enrolment ratio, primary to tertiary, both sexes (%)",SE.TOT.ENRR,,79.80486298,,,,,75.8841095,,,,76.6312027,77.85411835,78.50480652,79.56317139,80.80008698,82.2224884,83.40895844,80.63482666,81.18849182,81.18736267,81.2733078,80.35948181,78.73356628,78.62786102,78.46981812,79.13031769,81.2191391,81.56069183,,,,,,,,,,,,,96.84854126,98.65711975,100.1923523,99.73155212,99.45652008,99.92987823,
Belgium,BEL,"Gross enrolment ratio, primary to tertiary, both sexes (%)",SE.TOT.ENRR,,72.3482666,72.96376801,71.7798233,73.0704422,72.84088898,,,74.30735016,74.6009903,74.45217133,74.22212982,74.95935059,73.9648819,74.82330322,76.2234726,77.17870331,78.24262238,79.47296143,80.42302704,81.22821808,81.66400146,,97.96981812,99.78085327,102.2333221,102.9941635,,,105.7312088,107.0834427,110.2683105,111.0431137,112.3500214,92.94685364,93.09696198,93.5063324,93.38147736,93.2379303,93.8894577,94.42385864,95.33380127,95.6673584,117.6887207,118.6922684,119.3825073,
Belize,BLZ,"Gross enrolment ratio, primary to tertiary, both sexes (%)",SE.TOT.ENRR,,,,,,,,,,,,,,,,,,,,,,,,,,,,,,,,73.07363129,,76.63838959,78.66918182,75.68110657,78.43518066,78.08354187,77.59147644,75.91693878,75.57311249,75.06463623,77.02771759,76.52548981,,75.97016144,
Benin,BEN,"Gross enrolment ratio, primary to tertiary, both sexes (%)",SE.TOT.ENRR,,15.65651035,17.26931953,19.34769058,19.01523018,22.05751038,22.83925056,23.96220016,24.66799927,27.36997032,28.45208931,30.40522003,33.33377838,35.03720856,33.83786011,33.4651413,31.74928093,31.48090935,,,,,,,,,,,,40.46380997,42.01549911,46.02135086,48.99234009,50.91852951,52.9873085,53.98826981,,,,,,67.83648682,,73.1049118,,,
Bermuda,BMU,"Gross enrolment ratio, primary to tertiary, both sexes (%)",SE.TOT.ENRR,,,,,,,,,,67.53795624,69.55375671,,,,,,,,,,,,,,,,,,,,,,69.29544067,,,,70.9686203,,,,69.0451889,68.11357117,66.66208649,65.66256714,64.77922058,64.32132721,
Bhutan,BTN,"Gross enrolment ratio, primary to tertiary, both sexes (%)",SE.TOT.ENRR,,,,,,,,,,,,,,29.6977005,,,,,,,,,,,,,,,,43.14764023,,,,,,53.64297104,55.83707047,57.49291992,59.7170105,62.63069153,65.16398621,67.3344574,69.11795044,68.24703979,,,
Bolivia,BOL,"Gross enrolment ratio, primary to tertiary, both sexes (%)",SE.TOT.ENRR,45.56800079,45.84741974,47.28974915,48.6780014,,,,,,,,,,,,,,,,,,,,,,,,,76.92199707,80.26483917,79.50630951,80.91436768,83.06977844,84.11691284,85.02806091,,,83.73825836,,,,,,,,,
Bosnia and Herzegovina,BIH,"Gross enrolment ratio, primary to tertiary, both sexes (%)",SE.TOT.ENRR,,,,,,,,,,,,,,,,,,,,,,,,,,,,,,,,,,,,,,,,,,,,,,,
Botswana,BWA,"Gross enrolment ratio, primary to tertiary, both sexes (%)",SE.TOT.ENRR,32.0652504,29.69713974,30.06662941,33.12770844,34.9053688,38.01313019,39.97866058,42.35916138,43.49077988,45.1296196,47.88002014,49.96009827,,52.03752899,54.23596954,56.55569839,58.01979065,59.29909897,,,,66.8510437,,66.13845062,65.43250275,65.88697815,,,69.44956207,70.68897247,71.68240356,72.13973999,70.34293365,70.46134186,70.494133,70.34542084,71.11611938,70.91284943,70.60339355,,,,,,,,
Brazil,BRA,"Gross enrolment ratio, primary to tertiary, both sexes (%)",SE.TOT.ENRR,,,,,,,,,,,,,,,,,,,,,,,,,,,,,,,,,90.68354797,86.67814636,86.10150146,85.66929626,,83.7096405,86.6995163,86.979599,,88.41423798,88.44699097,89.35443878,90.67131805,91.08206177,
British Virgin Islands,VGB,"Gross enrolment ratio, primary to tertiary, both sexes (%)",SE.TOT.ENRR,,,,,,,,,,,,,,,,,,,,,,,,,,,,,,,,,86.36440277,,93.16570282,,,,,86.67034912,,,,,,83.58450317,
Brunei Darussalam,BRN,"Gross enrolment ratio, primary to tertiary, both sexes (%)",SE.TOT.ENRR,,,,,,,,69.44798279,,62.33562088,,,,64.11517334,65.54956818,,67.08509064,,,,,,70.42218781,71.81781006,72.51641846,,,,73.97602081,75.29963684,74.92237854,74.69093323,75.40982056,77.00016785,78.57904816,79.19882202,79.36412811,78.685112,77.94847107,78.30615997,77.56771088,78.53759003,81.82881165,82.1151123,82.24075317,80.90537262,
Bulgaria,BGR,"Gross enrolment ratio, primary to tertiary, both sexes (%)",SE.TOT.ENRR,,69.32913971,69.74951935,70.38450623,70.89208984,71.05548859,69.88433838,71.82131958,72.68170929,70.6704483,70.0567627,69.98483276,71.08638763,71.9057312,72.91480255,74.22783661,76.79396057,78.32965851,79.11534882,79.47638702,76.40138245,76.77645874,75.35112,74.3306427,73.57187653,75.43968964,77.87502289,78.37471771,78.39424896,79.14385986,79.08589172,79.10092163,78.72013092,75.66886139,76.60410309,76.90200043,77.08129883,78.64264679,78.71707916,79.30014801,81.2436676,82.36927032,83.72110748,87.75746155,90.42080688,90.53090668,
Burkina Faso,BFA,"Gross enrolment ratio, primary to tertiary, both sexes (%)",SE.TOT.ENRR,,5.319369793,5.55824995,5.738140106,6.036640167,6.310450077,6.531779766,6.801509857,7.134520054,7.453199863,7.95445013,8.475159645,9.266770363,10.03310966,10.76597023,11.9356699,13.11966038,14.24960041,14.77754021,15.61919975,16.15873909,16.73299026,17.16467094,17.80632019,18.45331955,,,,,21.72328949,,22.8083992,,24.60445023,,29.49085999,31.3155098,34.07675934,37.20537186,39.63087845,40.46023941,42.99045944,44.86362839,46.53580856,,,
Burundi,BDI,"Gross enrolment ratio, primary to tertiary, both sexes (%)",SE.TOT.ENRR,,13.99695015,13.53621006,10.20009995,9.426119804,9.567939758,9.471469879,,,10.16625023,10.89060974,11.86818027,13.64575005,,18.73671913,20.83869934,22.82266045,25.88475037,29.35823059,30.32781982,30.8183403,31.85499001,30.97316933,31.14208031,,,,,,,,29.19519043,30.84956932,,34.53594971,36.10454941,44.03979874,48.13351822,,54.92412949,58.09646988,60.52399826,61.03633881,62.39812088,64.22891998,,
Cabo Verde,CPV,"Gross enrolment ratio, primary to tertiary, both sexes (%)",SE.TOT.ENRR,,,,,,,,,,,,,,,,,,,,,,,,,,,,,,,74.46871185,71.90585327,72.03398132,70.62442017,68.80510712,68.63774109,72.07029724,71.20680237,72.24498749,72.583992,74.26407623,75.86263275,76.0951767,77.82060242,77.03946686,75.77445984,
Cambodia,KHM,"Gross enrolment ratio, primary to tertiary, both sexes (%)",SE.TOT.ENRR,,14.88078022,19.9462204,,,,,,,,,,,,,,,,,,,50.74489975,,,,,,,,,52.09687042,54.15774155,59.15679169,59.94744873,60.09320068,,61.10490036,62.13249969,62.51887131,,,,,,,,
Cameroon,CMR,"Gross enrolment ratio, primary to tertiary, both sexes (%)",SE.TOT.ENRR,,39.0051918,38.62636948,39.37591171,40.27471161,41.67602921,,,,44.35997009,44.77122879,46.02986908,46.68267059,48.22706985,47.97069168,48.95785904,,50.94921875,51.70906067,50.5379982,50.5622406,50.13290024,,,,,,,,43.85319138,,,,51.17567062,51.35617065,50.73974991,48.96483994,53.05192947,54.84146881,57.27339172,,61.65826035,65.42819214,,69.61289215,71.94519043,
Canada,CAN,"Gross enrolment ratio, primary to tertiary, both sexes (%)",SE.TOT.ENRR,,,,,,,80.32833862,,,,,,,,,,90.52120209,,,95.50746918,97.97737885,100.1589203,100.9803619,98.50228119,99.2164917,99.13131714,99.23079681,,94.72329712,93.7607193,93.03489685,,,,,,,,,,,,,,,,
Cayman Islands,CYM,"Gross enrolment ratio, primary to tertiary, both sexes (%)",SE.TOT.ENRR,,,,,,,,,,,,,,,,,,,,,,,,,,,,,,,,,,,,,,,,,,,,,,,
Central African Republic,CAF,"Gross enrolment ratio, primary to tertiary, both sexes (%)",SE.TOT.ENRR,,27.72397041,,,29.97500992,31.47031975,31.78158951,32.84077072,33.17990112,32.77957153,32.90436172,32.97127151,34.51625061,34.72359085,,36.66770935,36.00566864,30.93188095,30.91819954,31.07998085,32.92279053,30.89565086,26.8828392,,,,,,,,,,,,,,,,,39.73154068,,42.45547104,42.4890213,,,,
Chad,TCD,"Gross enrolment ratio, primary to tertiary, both sexes (%)",SE.TOT.ENRR,,13.63525009,13.40806961,,13.71240997,13.69388962,14.24938011,14.68327045,,,,,,,,16.93391037,,,,21.01498032,,,,,,,23.4731102,25.80981064,28.64752007,,30.95646095,32.56814957,34.5201683,35.88589096,37.53118896,36.26306915,,,40.87408066,43.42311096,43.28350067,46.19440079,,,,,
Channel Islands,CHI,"Gross enrolment ratio, primary to tertiary, both sexes (%)",SE.TOT.ENRR,,,,,,,,,,,,,,,,,,,,,,,,,,,,,,,,,,,,,,,,,,,,,,,
Chile,CHL,"Gross enrolment ratio, primary to tertiary, both sexes (%)",SE.TOT.ENRR,67.85849762,73.07591248,74.96053314,76.06347656,75.35086823,73.2443924,70.76896667,70.33341217,69.97853088,70.0701828,68.94703674,,67.23258209,68.54953003,68.34403992,69.63970947,70.01757813,,70.87094116,,,77.58569336,77.69458771,71.90296936,,,,,77.78502655,80.21633148,81.55554199,,83.40100861,84.45314026,86.23658752,87.88282013,87.18258667,88.37410736,88.70298004,88.30513763,89.65101624,90.67292786,91.07230377,95.11197662,96.09261322,97.16812897,
China,CHN,"Gross enrolment ratio, primary to tertiary, both sexes (%)",SE.TOT.ENRR,49.03445816,,,60.43849182,62.33657837,64.95417023,68.33355713,66.58737946,63.03461838,61.0587616,58.17419815,56.13306046,,,48.50938034,49.12625122,49.5958786,50.2075882,50.08652115,49.50489044,49.23463058,49.69033051,50.7463913,51.88140106,53.12137985,55.47127914,58.1164093,55.75680161,,,,63.41511154,64.01206207,65.12181854,,,63.88838959,65.1982193,66.28679657,67.57527161,68.8354187,70.29434204,72.52092743,75.48731995,77.73834229,79.97296906,
Colombia,COL,"Gross enrolment ratio, primary to tertiary, both sexes (%)",SE.TOT.ENRR,48.0870018,49.80178833,50.47240829,53.43103027,54.00215149,54.98241043,55.07101822,56.54521179,57.03535843,57.67113113,55.90761185,56.65158081,54.11759949,54.12236023,54.50582886,54.61763,55.68455887,56.661129,57.11714935,57.55461884,,58.49541855,62.3257103,63.47668839,64.18235016,64.52407837,67.74138641,,72.1578064,72.07965851,72.35208893,,73.13050842,,77.02033234,80.14169312,82.68746948,84.63551331,86.2886734,88.83756256,88.88677979,89.66457367,87.79833984,89.35256958,88.9312973,89.40509033,
Comoros,COM,"Gross enrolment ratio, primary to tertiary, both sexes (%)",SE.TOT.ENRR,,,,,,,,,,,,,,,,,,,,,,,52.63193893,,,,,,,49.61603928,,,,58.2659111,,,,,,,,,,64.69098663,64.44814301,,
"Congo, Dem. Rep.",COD,"Gross enrolment ratio, primary to tertiary, both sexes (%)",SE.TOT.ENRR,,43.72574997,44.43334961,44.96595001,44.72525024,45.56229019,46.36930084,47.07316971,48.30062103,49.47148895,49.50384903,49.70484161,50.01911163,50.3061409,50.68230057,48.39942169,48.4623909,43.26528931,44.36058044,,,,,,,43.83034134,,,,,,,,,,,,50.86362839,55.45156097,55.99990845,,57.27893829,59.20441055,59.44768906,,,
"Congo, Rep.",COG,"Gross enrolment ratio, primary to tertiary, both sexes (%)",SE.TOT.ENRR,,53.12982941,56.62120819,59.81161118,63.60210037,66.45353699,68.52881622,71.26821899,73.5632019,75.01397705,77.51000977,79.88223267,82.03135681,81.77214813,80.52597809,79.83531189,81.59728241,82.95847321,78.83402252,73.97910309,69.72489166,68.13340759,67.09423065,,,,,,,,,,56.42922974,55.06793976,,,,,,,,,67.01712799,,,,
Costa Rica,CRI,"Gross enrolment ratio, primary to tertiary, both sexes (%)",SE.TOT.ENRR,59.64691925,59.82236099,60.79666138,62.58166122,,,,,,61.53865051,60.63307953,60.44200134,58.87817001,57.62884903,57.32273865,57.86492157,59.5570488,60.8997612,61.79378891,62.94189072,63.8575592,65.61443329,67.64254761,,,,,,,,,,,,77.78501892,,,,,,,89.6038208,90.77620697,92.09166718,94.44103241,95.07084656,
Cote d'Ivoire,CIV,"Gross enrolment ratio, primary to tertiary, both sexes (%)",SE.TOT.ENRR,,30.12586021,30.40807915,31.33276939,31.68515968,,32.53073883,33.71512985,35.4163208,37.2120285,38.59947968,39.99198151,,,38.86988831,38.03773117,,37.03736877,,,,,,,,,,,,40.42208099,,,,,,,,,,,,,,,52.36175156,55.24694061,
Croatia,HRV,"Gross enrolment ratio, primary to tertiary, both sexes (%)",SE.TOT.ENRR,,,,,,,,,,,,,,,,,,,,,,,,64.30635834,67.26878357,66.35933685,66.97374725,67.43811035,69.30544281,70.94451141,71.46938324,72.64594269,74.23750305,75.90390015,,79.42507935,79.9059906,80.66564178,81.43842316,81.75018311,83.79894257,85.09686279,86.84162903,89.37696075,89.90434265,89.24157715,
Cuba,CUB,"Gross enrolment ratio, primary to tertiary, both sexes (%)",SE.TOT.ENRR,,57.72267151,58.25484848,60.67572021,62.46178055,64.9370575,68.98950195,72.16326141,73.52636719,73.77938843,75.89349365,73.21582794,71.35227203,69.18251801,69.00171661,68.07562256,68.1315918,68.74756622,68.82781982,68.68695831,67.94364929,67.2736969,66.39977264,64.77523804,63.60947037,62.73458862,66.74636078,68.55612183,,73.24040985,74.9573822,76.31636047,77.77214813,79.49771881,84.43544006,86.8735199,94.22628021,100.4001007,104.0975571,103.2749481,97.02906036,92.35780334,86.15910339,81.50314331,81.45799255,80.22029877,
Curacao,CUW,"Gross enrolment ratio, primary to tertiary, both sexes (%)",SE.TOT.ENRR,,,,,,,,,,,,,,,,,,,,,,,,,,,,,,,,,,,,,,,,,,,,107.0084229,,,
Cyprus,CYP,"Gross enrolment ratio, primary to tertiary, both sexes (%)",SE.TOT.ENRR,,53.87142181,53.54064941,54.11650085,54.62498093,,,,50.81156921,50.3207283,48.82130051,48.29843903,48.24227905,48.40633011,49.39445114,49.76456833,50.65692902,51.64876175,51.72634125,52.61156845,53.34445953,54.45549011,54.89315033,74.74816895,75.39959717,76.04992676,76.39556122,76.32421875,,74.62187195,73.60527039,73.63990784,75.85780334,77.86235809,78.53115845,77.55580139,77.58249664,78.66214752,81.33004761,84.95282745,79.20375824,78.41915131,78.51525116,80.20066071,82.85919952,85.66934967,
Czech Republic,CZE,"Gross enrolment ratio, primary to tertiary, both sexes (%)",SE.TOT.ENRR,,67.19023895,67.77349854,68.30880737,69.12030029,70.34314728,71.88446045,73.89875793,75.52591705,76.57640076,,,78.71515656,78.03659058,76.1491394,75.17015076,74.33122253,74.79934692,73.23539734,73.50476837,72.4433136,71.21629333,68.63008881,68.74768066,70.89054108,72.13796997,73.41272736,70.3115921,70.68934631,70.57833099,73.35919952,76.30180359,78.61013031,80.98361206,80.87420654,82.77503967,83.67417908,84.84523773,85.92259216,86.59377289,87.3853302,87.73715973,87.87869263,92.7297821,93.56109619,94.20625305,
Denmark,DNK,"Gross enrolment ratio, primary to tertiary, both sexes (%)",SE.TOT.ENRR,,71.09095001,,,,,,,79.20259094,78.23258209,79.34796906,79.58151245,79.43614197,79.7591629,79.25058746,78.91578674,79.27935028,79.69966125,80.08277893,80.35874176,80.88066864,81.58899689,82.03315735,84.0357666,86.05399323,87.52532196,89.31884766,,92.87217712,94.63809204,96.03864288,98.42062378,99.29598236,,101.4777603,102.784111,101.40979,101.2119675,99.92024994,99.43492126,99.64495087,101.8945618,102.9723587,105.4001007,105.1824036,105.708252,
Djibouti,DJI,"Gross enrolment ratio, primary to tertiary, both sexes (%)",SE.TOT.ENRR,,,,,,,13.1289196,,,,,14.14346981,,,,,17.4164505,,,,,16.80953979,17.23678017,15.68879032,16.46969032,,17.33333015,17.57892036,,17.94216919,17.7053299,19.87360001,20.86071014,,23.92984009,25.58949089,26.42196083,28.58813095,31.59980965,32.47774124,,36.80908966,,,,,
Dominica,DMA,"Gross enrolment ratio, primary to tertiary, both sexes (%)",SE.TOT.ENRR,,,,,,,,,,,,,,,66.62310791,,,,,,,,,,,,,,,,,,,,,,,,,,,,,,,,
Dominican Republic,DOM,"Gross enrolment ratio, primary to tertiary, both sexes (%)",SE.TOT.ENRR,,50.29339981,52.80381012,52.78670883,,52.93793106,,,,,,,,,,,69.9052887,,,,,,,,,,,,,,,,,,,,,,,,,,77.79885101,,77.91661072,79.54290009,
Ecuador,ECU,"Gross enrolment ratio, primary to tertiary, both sexes (%)",SE.TOT.ENRR,,51.45468903,52.21549988,53.88087082,,59.62356186,62.67279053,,,69.95549774,71.73641205,74.69367218,75.67597961,76.16278839,75.62223816,76.81852722,,,76.98924255,,73.36470032,72.25067139,,,,,,,,,,,,,,,,,,,,,88.33657837,88.8744278,,,
"Egypt, Arab Rep.",EGY,"Gross enrolment ratio, primary to tertiary, both sexes (%)",SE.TOT.ENRR,,41.10984039,42.41864014,43.55596161,43.28382874,45.19084167,46.17687988,47.45896149,48.28778839,48.81547165,49.87046814,50.78718948,52.5893898,54.63436127,56.57664108,57.96852112,59.86423874,61.91910172,63.0490799,62.6599884,65.51300812,66.14631653,,,,,,,,71.14875031,,71.87271881,71.94802856,71.06591034,71.39054871,,,,,70.80378723,72.00293732,72.5841217,75.54257202,77.61437225,78.00697327,,
El Salvador,SLV,"Gross enrolment ratio, primary to tertiary, both sexes (%)",SE.TOT.ENRR,44.42536926,45.18680954,,47.38853836,49.84947968,51.45394135,,54.30854034,55.94723892,,,,,53.21601868,54.63566971,,,,61.00775909,59.69210052,,58.36199188,,61.56470108,,,,,69.88291931,70.59996033,71.28830719,72.26805878,74.18343353,76.52326965,79.11248779,78.93094635,78.5220871,80.88691711,77.54548645,77.23999023,77.60614777,77.80918884,77.56440735,77.77493286,76.09676361,74.17346191,
Equatorial Guinea,GNQ,"Gross enrolment ratio, primary to tertiary, both sexes (%)",SE.TOT.ENRR,,,,,,,,,,,,,,,,,,,,,,,,,,,,,,,56.36771011,,,,,,,,,,,,,,,,
Eritrea,ERI,"Gross enrolment ratio, primary to tertiary, both sexes (%)",SE.TOT.ENRR,,,,,,,,,,,,,,,,,,,,,,,,,,23.55842018,24.69582939,,,26.43395042,29.18462944,29.08291054,30.93128014,,33.02796936,,,,,30.65633965,30.04380035,,,,32.76015854,,
Estonia,EST,"Gross enrolment ratio, primary to tertiary, both sexes (%)",SE.TOT.ENRR,,,,,,,,,,,,,,,,,78.68508148,,,78.03688049,78.01637268,76.50334167,76.23915863,73.6040802,74.74658203,76.70278931,79.02484131,,84.02342987,85.21645355,88.38654327,90.8093338,91.87722015,92.15701294,92.73361206,93.8789978,93.14523315,92.85732269,92.03723145,92.31311798,94.08818054,95.49523163,96.60588837,97.26763153,97.32591248,97.83114624,
Ethiopia,ETH,"Gross enrolment ratio, primary to tertiary, both sexes (%)",SE.TOT.ENRR,,7.565989971,8.066080093,8.425970078,9.256719589,,,,,,,,,,22.06995964,,20.73900032,22.4410305,23.17240906,22.36251068,,18.53488922,,,14.77622986,16.41275978,19.0655098,,,25.67550087,28.1588707,31.58486938,33.71936035,34.77053833,36.99303055,42.79938126,,,53.02524185,52.92591858,52.94815826,54.3188591,54.59347153,,,,
Faroe Islands,FRO,"Gross enrolment ratio, primary to tertiary, both sexes (%)",SE.TOT.ENRR,,,,,,,,,,,,,,,,,,,,,,,,,,,,,,,,,,,,,,,,,,,,,,,
Fiji,FJI,"Gross enrolment ratio, primary to tertiary, both sexes (%)",SE.TOT.ENRR,62.06629181,64.06410217,65.8970108,67.50533295,68.27928925,68.47708893,,,,,65.11782074,64.16571808,,,63.97053146,64.33878326,66.13269043,,,,,74.07369995,,,,,,,,,,,,75.2901001,77.8575592,,,,,,,,,,,,
Finland,FIN,"Gross enrolment ratio, primary to tertiary, both sexes (%)",SE.TOT.ENRR,,66.94016266,68.16023254,69.01834869,71.29625702,72.93308258,74.22608185,75.45336914,76.19999695,77.02467346,77.26978302,77.4000473,78.03987122,78.90989685,79.69117737,80.34140015,81.2461319,81.93959045,83.00576782,84.56474304,86.83347321,89.33136749,92.37722015,93.81291962,95.81108093,96.23065186,97.27436829,98.77481079,100.4739685,102.1980209,104.1440964,105.5017319,105.7928619,107.0380402,100.2833481,101.1976776,101.4272537,101.3953094,101.3195801,99.94149017,100.6453629,101.2480927,100.7630997,115.0555115,114.7620621,115.4145279,
France,FRA,"Gross enrolment ratio, primary to tertiary, both sexes (%)",SE.TOT.ENRR,,69.89311981,71.07730865,72.32624054,74.20955658,73.67697906,73.05786896,73.43611145,74.06529236,74.0770874,74.69631958,74.71147919,74.88665009,74.76428986,,75.90016174,77.05252075,78.1566925,79.29348755,81.05706787,82.13166046,84.01725769,85.79445648,86.35006714,91.03688812,91.66964722,92.26335907,92.22212219,92.34416962,92.45556641,92.09838867,91.51863861,90.84221649,91.23413086,90.91703033,94.35362244,94.26334381,94.10211945,93.9294281,93.76165771,94.43331146,94.66043091,95.20169067,95.52668762,96.15029144,,
French Polynesia,PYF,"Gross enrolment ratio, primary to tertiary, both sexes (%)",SE.TOT.ENRR,,,,,,,,,,,,,,,,,,,,,,,,,,,,,,,,,,,,,,,,,,,,,,,
Gabon,GAB,"Gross enrolment ratio, primary to tertiary, both sexes (%)",SE.TOT.ENRR,,60.09548187,62.0110817,64.32668304,65.94367981,69.22200775,71.12203979,70.07550049,73.39498138,71.12306213,71.88452911,,,73.38716125,74.3599472,,,75.72062683,75.13066864,75.80561829,,,,,,,,,,76.1102066,,75.43305969,,,,,,,,,,,,,,,
"Gambia, The",GMB,"Gross enrolment ratio, primary to tertiary, both sexes (%)",SE.TOT.ENRR,,,,,,,,,,,,,,,,,,,,,,,,,,36.54858017,,,,,,,,,,,,,56.45661926,56.27590179,55.69942856,,,,,,
Georgia,GEO,"Gross enrolment ratio, primary to tertiary, both sexes (%)",SE.TOT.ENRR,,,,,,,,,,,,79.55255127,,,,,,,,,,78.32584381,,,,69.17706299,69.15328217,71.04608917,,72.28582764,73.82865906,73.99973297,73.95973206,74.56452942,74.66651154,76.5664978,75.1875,78.2068634,75.37464142,72.71340179,,,,79.68309784,82.71774292,86.32549286,
Germany,DEU,"Gross enrolment ratio, primary to tertiary, both sexes (%)",SE.TOT.ENRR,,,,,,,,,,,,,,,,,,,,,,76.17050934,77.8759613,82.86228943,84.91829681,86.54621887,87.81169128,88.75926971,,,,,,,,,,,,,,,,95.28025818,96.46759033,97.87059784,
Ghana,GHA,"Gross enrolment ratio, primary to tertiary, both sexes (%)",SE.TOT.ENRR,,43.45306015,,42.80527878,41.42861176,41.18796158,43.23049927,,,,,,47.11631012,,,,,,,,,,,,,,,,,45.69551086,47.61584854,44.92873001,46.52513885,45.57733917,47.72911835,51.30102158,53.38655853,57.11404037,60.45523071,60.63191986,,64.56448364,66.22522736,67.34192657,65.82433319,68.59736633,
Gibraltar,GIB,"Gross enrolment ratio, primary to tertiary, both sexes (%)",SE.TOT.ENRR,,,,,,,,,,,,,,,,,,,,,,,,,,,,,,,,,,,,,,,,,,,,,,,
Greece,GRC,"Gross enrolment ratio, primary to tertiary, both sexes (%)",SE.TOT.ENRR,,65.25524139,67.44509125,68.77745819,70.06983948,70.72875214,71.34282684,71.28016663,70.54282379,70.02144623,69.87113953,70.67330933,72.05565643,71.56619263,73.42017365,74.68578339,75.53582001,75.97097015,75.7150116,75.26830292,74.66751862,77.90470886,77.16674805,75.98204803,76.19550323,75.11676788,75.42897034,75.96056366,79.91589355,79.15348816,81.55914307,84.11351776,88.7289505,89.584198,92.15101624,96.79612732,97.86062622,96.1519165,,,102.7036972,103.3144684,104.7998199,105.5479584,105.7849197,,
Greenland,GRL,"Gross enrolment ratio, primary to tertiary, both sexes (%)",SE.TOT.ENRR,,,,,,,,,,,,,,,,,,,,,,,,,,,,,,,,,,,,,,,,,,,,,,,
Grenada,GRD,"Gross enrolment ratio, primary to tertiary, both sexes (%)",SE.TOT.ENRR,,,,,,,,,,73.59465027,73.28183746,,68.70613098,66.61612701,68.54930115,,,,,,,,,,,,,,,,,,,,,,,,,91.05259705,,,,,,99.78972626,
Guam,GUM,"Gross enrolment ratio, primary to tertiary, both sexes (%)",SE.TOT.ENRR,,,,,,,,,,,,,,,,,,,,,,,,,,,,,,,,,,,,,,,,,,,,,,,
Guatemala,GTM,"Gross enrolment ratio, primary to tertiary, both sexes (%)",SE.TOT.ENRR,28.29858971,28.37328911,29.22352028,29.33307076,30.44812965,31.26272964,31.7010498,33.02083969,35.4501915,,,39.1236496,,39.18587112,39.97853851,40.31568909,40.66336823,,,,,,,45.24229813,45.30044174,46.01716995,,,,,,,59.9305687,,,,,68.77558136,,,,,,68.93016052,,67.52275085,
Guinea,GIN,"Gross enrolment ratio, primary to tertiary, both sexes (%)",SE.TOT.ENRR,,16.68271065,,,,,,20.12295914,21.75665092,22.76118088,,23.00877953,21.65320969,21.15946007,20.65920067,22.55163002,20.74209976,19.14973068,,19.48920059,18.9001503,20.01148987,,21.71425056,22.65566063,,24.85572052,,,,,,,,40.75878143,43.56322098,45.96575165,,48.31473923,,,51.2050705,51.55519867,,53.11494827,,
Guinea-Bissau,GNB,"Gross enrolment ratio, primary to tertiary, both sexes (%)",SE.TOT.ENRR,,,,,,,,,,,,,,,,,,,,24.66945076,,,,,,,,,,,,,,,,56.97117996,59.97521973,,,,,,,,,,
Guyana,GUY,"Gross enrolment ratio, primary to tertiary, both sexes (%)",SE.TOT.ENRR,,64.96347809,65.70684052,66.51767731,,,67.59954834,,,,,,,,61.25178146,61.90539932,63.95077133,,,,,,,,,,,,,,,,,75.30738831,,79.74687958,,74.97065735,73.63507843,70.93141937,70.3562088,71.21147919,68.53813934,,,,
Haiti,HTI,"Gross enrolment ratio, primary to tertiary, both sexes (%)",SE.TOT.ENRR,,,,,,,,,,29.04071045,31.27704048,34.01216125,,37.40877914,40.0930481,,42.39466095,,,,,,,,,,,,,,,,,,,,,,,,,,,,,,
Honduras,HND,"Gross enrolment ratio, primary to tertiary, both sexes (%)",SE.TOT.ENRR,,,,,44.87033081,44.19720078,45.36301041,47.41337967,49.75561905,,53.67594147,,57.31359863,58.32461166,59.24124908,60.47589874,,,,,,59.23669052,,60.86400986,,,,,,,,,,,,,,,71.70922852,,74.5182724,,72.29376221,70.61170959,68.9246521,70.23348236,
"Hong Kong SAR, China",HKG,"Gross enrolment ratio, primary to tertiary, both sexes (%)",SE.TOT.ENRR,,,,,,,,,,,,,,,,,,,,,,,,,,,,,,,,,,,,,,,,,,,,,,,
Hungary,HUN,"Gross enrolment ratio, primary to tertiary, both sexes (%)",SE.TOT.ENRR,,60.19105911,58.84101868,58.17733002,57.48736954,57.98080063,58.82574081,60.08435822,61.33744812,62.78895187,64.43218994,66.64192963,70.19979095,72.37109375,73.55793762,73.8378067,73.23268127,71.63768005,69.78204346,68.53401184,67.78182983,67.03710175,66.69567108,,71.41558838,71.77351379,72.45443726,73.33464813,75.38334656,77.32672882,79.68348694,82.08239746,84.96157074,88.37872314,87.4093399,89.39707947,90.41966248,90.33360291,89.9536972,89.31578827,89.75283813,89.62152863,90.00066376,93.00228119,91.55426788,90.17017365,
Iceland,ISL,"Gross enrolment ratio, primary to tertiary, both sexes (%)",SE.TOT.ENRR,,70.49781036,71.23461151,,,70.5488205,70.95642853,71.39276123,70.34066772,,69.89560699,71.92591095,72.54129791,73.27690125,74.2038269,73.93489075,74.08381653,75.18560028,75.90503693,77.62970734,79.09266663,80.64660645,82.34461975,81.71607208,82.86630249,83.52115631,83.82881927,,88.30844116,88.15484619,89.84519958,90.43639374,92.76332092,96.13452148,94.23616791,95.13822174,95.85095978,95.40605927,96.36878967,96.1724472,97.51151276,97.86891174,99.58950806,102.5598526,,,
India,IND,"Gross enrolment ratio, primary to tertiary, both sexes (%)",SE.TOT.ENRR,,38.35886002,,39.62046051,,,39.48801041,40.5646286,39.51070023,,40.78524017,41.93241882,42.71097183,44.34321976,45.52265167,,47.01686096,46.27331161,46.60363007,47.79169846,,,,,,51.5487709,51.49340057,51.54666901,,,51.67733002,51.56021118,52.4706192,55.94432068,,,,61.65937042,63.37387848,62.88103104,64.65544128,67.77458191,69.07338715,69.04229736,70.84213257,71.20558929,
Indonesia,IDN,"Gross enrolment ratio, primary to tertiary, both sexes (%)",SE.TOT.ENRR,44.01174927,,44.59107971,44.47584152,43.8565712,44.95006943,46.00392914,46.92660141,50.49243164,,,55.20394135,57.50748825,59.4311409,60.72441864,,63.14340973,64.57411957,64.48120117,64.16915894,62.4185791,61.01586151,60.17557907,59.64339066,60.37292862,61.14210129,61.66281128,63.15718079,63.22700882,63.58491135,62.69710159,62.80271912,63.63711929,65.01387024,65.76515961,65.19445038,65.65986633,69.56121063,69.59317017,72.52407837,74.06555176,76.04785919,77.61154938,77.53703308,77.09169769,76.26357269,
"Iran, Islamic Rep.",IRN,"Gross enrolment ratio, primary to tertiary, both sexes (%)",SE.TOT.ENRR,,40.13029099,42.50096893,44.36558151,46.18893051,50.7441597,53.96453857,56.29561996,,,,,,,,,,,,,,,,,,71.65862274,,,,72.1415863,71.2294693,71.20585632,69.63414764,68.28954315,64.49066162,63.38566971,64.47545624,65.75234985,69.42220306,70.39318085,72.31989288,76.12323761,87.17944336,86.31611633,87.53386688,90.33860016,
Iraq,IRQ,"Gross enrolment ratio, primary to tertiary, both sexes (%)",SE.TOT.ENRR,,39.01293182,40.24930954,42.11891174,44.05239105,46.82717133,51.70037079,54.92134857,57.41796875,65.82053375,68.77864075,67.67783356,67.1856308,63.86909866,62.98952103,63.01551819,63.19583893,62.7709198,62.15877914,61.36420822,,,,,,,,,,54.11857986,54.77840042,,,,62.9774704,,,,,,,,,,,,
Ireland,IRL,"Gross enrolment ratio, primary to tertiary, both sexes (%)",SE.TOT.ENRR,,69.24012756,69.1373291,70.43636322,70.8536377,72.69297791,74.5847168,75.23648071,75.26194,74.71549225,73.89993286,73.49436951,73.88448334,74.27464294,74.42723083,75.18318939,75.73713684,76.82626343,77.43717957,77.583992,77.47142792,77.20359802,77.97682953,80.90718079,81.83174133,82.12830353,82.27153015,76.2640686,86.57134247,87.40751648,88.26335907,89.00678253,90.70800018,92.60726166,95.54103851,96.21492004,96.9776001,99.56841278,99.43106842,101.4191971,103.9938812,104.1182022,104.8136597,,107.9186401,111.5373535,
Isle of Man,IMN,"Gross enrolment ratio, primary to tertiary, both sexes (%)",SE.TOT.ENRR,,,,,,,,,,,,,,,,,,,,,,,,,,,,,,,,,,,,,,,,,,,,,,,
Israel,ISR,"Gross enrolment ratio, primary to tertiary, both sexes (%)",SE.TOT.ENRR,,,,69.8044281,,70.36338043,,72.45747375,73.35212708,74.90566254,76.48030853,76.62615967,78.00553131,79.17089844,79.82026672,,79.6164093,79.37902069,79.18184662,78.71486664,77.33799744,78.95052338,,80.63379669,,80.75959778,81.2503891,,,87.56640625,89.17237854,90.17706299,92.46417236,92.10946655,91.65276337,91.6293335,91.30512238,92.20480347,91.36686707,92.10555267,,93.89840698,93.86247253,93.94880676,94.06388855,94.07376099,
Italy,ITA,"Gross enrolment ratio, primary to tertiary, both sexes (%)",SE.TOT.ENRR,,62.75880814,64.72097778,66.29821777,67.53649139,68.36540985,69.54933929,69.94286346,69.94191742,69.50332642,68.95645142,68.36177826,,66.77001953,66.41207123,66.47081757,66.18585968,65.86225128,66.48377991,67.08978271,68.07688904,68.85938263,70.04080963,71.23712158,73.91439819,74.78907013,75.74571228,77.86923218,79.08956146,80.62474823,81.48017883,83.70825195,85.45813751,87.01583099,88.26264954,89.38768005,90.58235931,91.21933746,91.522789,91.71504211,91.71659851,92.05040741,91.07103729,91.12245941,91.05166626,90.85502625,
Jamaica,JAM,"Gross enrolment ratio, primary to tertiary, both sexes (%)",SE.TOT.ENRR,,,,67.6113205,66.25523376,,,65.65911102,,,,66.66059113,,,,,,61.19741058,,62.44158173,,64.65751648,,,,,,,,73.40509033,70.75102997,75.40245056,76.30976868,71.391922,79.35146332,,,,,,,,,,,,
Japan,JPN,"Gross enrolment ratio, primary to tertiary, both sexes (%)",SE.TOT.ENRR,,67.19483948,68.72940063,70.32553864,71.64257813,73.7463913,75.76423645,77.39386749,78.7195282,79.43583679,79.94555664,80.19441223,79.93273163,79.57881927,79.25820923,79.28452301,79.46466827,79.30551147,78.94911957,78.40712738,77.7915802,77.52008057,76.80345917,,79.73799133,80.04696655,,,82.07765961,82.75523376,83.74677277,84.35887909,84.75771332,84.94740295,85.52561188,86.03842163,86.95803833,87.14945221,87.13127136,87.48512268,88.00346375,88.89750671,89.44367981,89.66264343,89.84246826,,
Jordan,JOR,"Gross enrolment ratio, primary to tertiary, both sexes (%)",SE.TOT.ENRR,,60.9296608,62.10937119,65.3546524,68.9101181,71.65345764,74.11264038,75.98561096,76.48194122,76.97489929,77.49035645,76.3600769,76.76782227,75.87705994,76.17909241,76.28578186,76.06728363,75.49417114,75.44358063,74.14144897,73.33985901,73.93846893,74.6137619,73.83309174,72.76783752,,73.63236237,,,,76.83836365,,79.54537964,81.23226929,82.40486145,81.99729919,81.72193909,81.38948822,81.85855103,,76.82679749,75.70601654,76.40460205,,,,
Kazakhstan,KAZ,"Gross enrolment ratio, primary to tertiary, both sexes (%)",SE.TOT.ENRR,,,,,,,,,,,,76.96601105,,,,,84.18044281,,,85.31555939,85.04856873,84.65248871,84.48626709,,82.06411743,,,,,77.59526062,79.06774139,,,,,,89.89363861,,,,85.96681976,87.70931244,89.8098526,90.28909302,91.10733032,92.07621002,93.72663116
Kenya,KEN,"Gross enrolment ratio, primary to tertiary, both sexes (%)",SE.TOT.ENRR,33.51673126,34.44945145,36.4196701,37.88304901,52.88716125,,53.48508835,53.34902954,52.2508316,61.0295105,62.42171097,60.63999176,,61.41579819,59.9061203,60.49356079,,60.49219894,,,,,,,,,,,,,52.65287018,53.24951935,51.47319031,,58.88784027,59.20421982,,63.55033875,,67.21864319,,,,,,,
Kiribati,KIR,"Gross enrolment ratio, primary to tertiary, both sexes (%)",SE.TOT.ENRR,,52.26522064,63.30738831,52.20257187,,64.75981903,,59.98558044,60.44514084,60.89421082,62.51744843,61.16624832,62.85258102,61.49607849,59.7269516,60.08531189,59.12802887,58.51182938,59.15182877,62.29294968,63.45429993,66.07885742,68.34921265,,70.21408081,69.83690643,70.53603363,,,65.78121948,67.49922943,75.16619873,73.42093658,77.24894714,75.37420654,74.92549133,72.56443024,71.14672852,72.13037872,,,,,,,,
"Korea, Dem. People’s Rep.",PRK,"Gross enrolment ratio, primary to tertiary, both sexes (%)",SE.TOT.ENRR,,,,,,,,,,,,,,,,,,,,,,,,,,,,,,,,,,,,,,,,80.51637268,,,,,,66.94003296,
"Korea, Rep.",KOR,"Gross enrolment ratio, primary to tertiary, both sexes (%)",SE.TOT.ENRR,,60.33683014,61.35985184,61.49906158,61.52822113,61.63948822,62.69438171,63.04523849,64.07274628,66.1240921,68.94657898,71.56668091,72.76399231,74.2854538,76.19988251,77.131073,77.94261169,79.00637817,78.46166992,78.87909698,79.51866913,79.53768158,79.71019745,81.28098297,82.96977997,84.83677673,87.56292725,91.96286774,90.61051941,92.22013092,92.89890289,93.17105103,94.13658905,95.66384125,97.07846832,98.21102142,98.61373901,99.3483963,99.31279755,99.21685028,98.96182251,98.93135834,97.9996109,97.26715851,97.09073639,96.85421753,
Kosovo,XKX,"Gross enrolment ratio, primary to tertiary, both sexes (%)",SE.TOT.ENRR,,,,,,,,,,,,,,,,,,,,,,,,,,,,,,,,,,,,,,,,,,,,,,,
Kuwait,KWT,"Gross enrolment ratio, primary to tertiary, both sexes (%)",SE.TOT.ENRR,,55.78432846,56.64126968,57.01037979,56.90346146,57.56632996,59.71297836,65.54469299,67.58917236,67.38504028,68.51747131,69.85460663,70.7603302,71.95655823,73.08431244,74.21292114,74.48016357,71.93132019,70.00808716,67.74725342,65.7942276,,42.28744125,49.09191895,58.68650055,69.40875244,81.8310318,82.17481232,,84.16564178,,83.06278992,,82.38201904,81.39022064,,,,,,,,,75.24163818,,,
Kyrgyz Republic,KGZ,"Gross enrolment ratio, primary to tertiary, both sexes (%)",SE.TOT.ENRR,,,,,,,,,,,,,,,,,87.10930634,,,83.15795135,82.05896759,80.57240295,79.46707153,77.22638702,74.69586945,73.40286255,69.2182312,,,74.39021301,75.94957733,77.51316071,77.64659882,79.14208221,78.43437195,78.12523651,78.34677124,77.35910034,,75.09552002,74.37006378,73.85456085,76.11998749,78.64351654,79.95159912,81.185112,
Lao PDR,LAO,"Gross enrolment ratio, primary to tertiary, both sexes (%)",SE.TOT.ENRR,,24.11919022,25.69672012,25.85364914,,,,,,,45.43183899,46.20967102,,,44.39490128,44.2572403,45.22002029,,46.67218018,,44.62294006,,,45.69709015,47.81013107,48.68531036,50.41476822,51.6554718,53.38779068,53.89966965,53.92390823,53.79386902,55.48780823,57.20840073,58.03799057,58.86183929,58.6914711,59.04368973,59.7518692,60.88335037,61.62049866,60.09667969,60.20001984,61.5968895,62.98921967,63.5402298,
Latvia,LVA,"Gross enrolment ratio, primary to tertiary, both sexes (%)",SE.TOT.ENRR,,,,,,,,,,,,76.09150696,76.54799652,76.82206726,77.1181488,77.66356659,77.70011139,81.32254791,80.8366394,80.24181366,74.08616638,73.69500732,73.09484863,70.38561249,69.05590057,69.15550995,71.0410614,73.79347992,78.81323242,81.59934998,84.69867706,87.72003174,89.78385925,91.45921326,93.66014862,94.92613983,95.03153229,94.616539,94.7154007,91.85041046,89.8670578,88.74687958,88.15679932,92.35460663,93.35195923,,
Lebanon,LBN,"Gross enrolment ratio, primary to tertiary, both sexes (%)",SE.TOT.ENRR,,70.43927765,,,,,,,,,72.49765015,75.42449951,74.56272125,,,66.42211914,,,,,,,72.57572937,,,,75.33711243,,,88.11260223,88.29139709,89.55812073,87.55861664,83.73531342,80.96411133,78.09172821,75.74004364,76.50357056,76.94535065,77.62645721,76.57134247,76.60373688,71.75093079,70.06153107,65.59499359,63.42573929,
Lesotho,LSO,"Gross enrolment ratio, primary to tertiary, both sexes (%)",SE.TOT.ENRR,44.4126091,42.78054047,43.35810089,45.84679031,,51.76050186,50.8342514,50.63092041,49.87995911,50.66960907,51.41606903,53.21350098,55.57284164,56.83745956,57.03102112,58.71894836,58.75014114,60.37042999,61.7671814,61.19123077,60.38690186,60.68204117,60.56455994,58.80039978,60.53874969,61.85086823,60.62897873,,,58.22790909,63.65198135,64.24864197,64.3184967,65.34221649,,64.47956848,64.40760803,,,,,,65.09912872,63.01118088,62.78968811,,
Liberia,LBR,"Gross enrolment ratio, primary to tertiary, both sexes (%)",SE.TOT.ENRR,18.90752983,19.64875984,20.72365952,,,23.22014999,,,27.12977982,27.99077988,,,,,,,,,,,,,,,,,,,,52.63386917,63.91638184,,,,,,,,,,,,,,,,
Libya,LBY,"Gross enrolment ratio, primary to tertiary, both sexes (%)",SE.TOT.ENRR,,53.27011108,58.96086884,63.86278152,67.31543732,69.97384644,73.53965759,74.43382263,73.37109375,77.33601379,76.92134094,75.77626801,,76.26989746,,,,,,,,,,,,,,,,,,,93.98983765,93.34686279,,,,,,,,,,,,,
Liechtenstein,LIE,"Gross enrolment ratio, primary to tertiary, both sexes (%)",SE.TOT.ENRR,,,,,,,,,,,,,,,,,,,,,,,,,,,,,,,,,,84.36184692,86.16710663,,86.21598816,86.15854645,87.30928802,85.96099854,85.68232727,88.29055786,87.1338501,,87.5,86.91174316,
Lithuania,LTU,"Gross enrolment ratio, primary to tertiary, both sexes (%)",SE.TOT.ENRR,,,,,,,,,,,,,,,,,77.41182709,,,76.12333679,75.19490051,74.0739975,71.4985733,69.43279266,69.02763367,70.61432648,73.35256195,76.56376648,79.9810791,83.65400696,87.53952026,90.7049408,93.16644287,95.70001221,95.46752167,96.38079071,96.20607758,96.28749084,96.75830078,97.71247864,97.23928833,95.70471191,94.75498199,94.9661026,94.82037354,,
Luxembourg,LUX,"Gross enrolment ratio, primary to tertiary, both sexes (%)",SE.TOT.ENRR,,57.84371948,56.97148895,55.80588913,56.06388855,54.78712082,54.78145981,54.65745926,54.58781815,53.98054123,52.51131821,55.73091125,55.94498825,55.94132996,55.64809036,,55.4102211,55.01179886,,,,,,,63.35976028,64.62525177,67.35159302,68.49060822,70.48709869,75.02922821,75.34825897,75.90028381,76.38789368,76.23298645,,,76.43148041,,75.80948639,,78.20056915,,77.31008148,,,,
"Macao SAR, China",MAC,"Gross enrolment ratio, primary to tertiary, both sexes (%)",SE.TOT.ENRR,,,,,,,,,,,,,,,,,,,,,66.24051666,,70.17218018,72.91638184,,,,,,75.46327972,76.86860657,82.42453766,88.41638184,93.5223465,93.49623108,91.89026642,91.14659119,87.50032043,82.46272278,81.43283844,80.6771698,82.24057007,78.3646698,81.11885071,84.80249786,88.61390686,
"Macedonia, FYR",MKD,"Gross enrolment ratio, primary to tertiary, both sexes (%)",SE.TOT.ENRR,,,,,,,,,,,,,,,,,,,,,,,,63.17285919,64.13282776,65.66271973,66.97412109,67.66184235,68.33116913,69.02932739,69.31597137,69.46703339,69.4914093,69.29795837,69.05861664,69.51358032,,70.42024994,71.26882172,70.9464035,70.6697998,,70.36016083,69.75884247,69.36251068,71.02545929,
Madagascar,MDG,"Gross enrolment ratio, primary to tertiary, both sexes (%)",SE.TOT.ENRR,,40.19649124,41.27103043,,,,,,,50.07226181,54.61425018,,,,57.42961121,,,,43.43629074,43.01039886,41.67116165,,,,,,,,,,,,,,,60.1043396,60.89559937,61.81602859,62.92235947,65.79019165,,65.52657318,66.00369263,,66.20352173,,
Malawi,MWI,"Gross enrolment ratio, primary to tertiary, both sexes (%)",SE.TOT.ENRR,,,,25.66147041,27.75358963,30.56558037,31.00237083,30.97764015,30.43600082,30.7135601,32.82939148,33.11711121,35.07284164,33.50252151,31.60738945,32.15628815,31.92996979,32.57413101,32.03162003,34.31138992,36.43309021,37.58712006,44.81547165,46.99655151,49.32664108,72.74104309,71.9118576,,,69.73423767,68.513237,70.32533264,68.43837738,,64.37409973,63.2428894,63.532341,62.08966064,,,68.05072021,69.12326813,,,,,
Malaysia,MYS,"Gross enrolment ratio, primary to tertiary, both sexes (%)",SE.TOT.ENRR,,,,,,,,,,53.46274948,53.11299896,,53.61709976,54.9396286,55.70042038,56.20436859,,58.37947083,58.25112915,57.99436188,57.59841156,58.42979813,59.39529037,59.30749893,59.64850998,59.9502182,,,66.85845947,67.18448639,68.66561127,68.47499084,68.49996185,71.3589325,72.56069946,71.08188629,68.34596252,69.14002991,69.6158905,70.12532806,70.84452057,69.16564941,69.80251312,70.10475159,69.98146057,68.93354034,
Maldives,MDV,"Gross enrolment ratio, primary to tertiary, both sexes (%)",SE.TOT.ENRR,,,,,,,,,,,,,,,,,,,,,,,,,,,,,71.70256042,72.93675995,75.05744171,75.13244629,72.79560089,73.69410706,,,,,,,,,,,,,
Mali,MLI,"Gross enrolment ratio, primary to tertiary, both sexes (%)",SE.TOT.ENRR,,11.06328964,,,12.30198002,12.49940014,13.05109024,13.70444012,14.45683002,14.99396038,14.92004967,,13.88216019,13.56978035,13.24394035,12.76117039,,12.18951035,,14.08045006,14.13064957,14.49151039,15.61306,17.12154961,,20.24898911,21.84494972,24.26650047,26.20487022,28.63717079,30.1641407,,,,,,,,46.56814957,48.4724884,49.87646866,51.08142853,,,,,
Malta,MLT,"Gross enrolment ratio, primary to tertiary, both sexes (%)",SE.TOT.ENRR,,57.30189133,59.94963837,59.15808868,58.96691132,62.17924118,63.99163818,64.47431183,64.44747162,63.52202988,63.64860153,62.17781067,63.32881927,63.91661072,65.74501038,67.32762146,68.1133194,67.99945831,68.93254089,70.40415192,72.71356201,73.27677917,73.55290222,73.99062347,74.08229065,74.44519043,74.2975769,74.80812073,76.66352844,76.18132782,75.87712097,77.02381897,76.60935211,78.42111969,81.3874588,80.87355042,78.50982666,79.50945282,78.82543945,,83.71273041,79.9703598,80.90252686,81.77693939,82.90014648,85.04376221,
Marshall Islands,MHL,"Gross enrolment ratio, primary to tertiary, both sexes (%)",SE.TOT.ENRR,,,,,,,,,,,,,,,,,,,,,,,,,,,,,,,,,74.61895752,,,,,,,,,,,,,,
Mauritania,MRT,"Gross enrolment ratio, primary to tertiary, both sexes (%)",SE.TOT.ENRR,,,,,,,,,,,,,,,,,25.15950966,26.20076942,26.58589935,26.09639931,24.71326065,25.50344086,27.68692017,31.03422928,33.73451996,35.45978928,37.05472183,38.55202866,39.63557053,40.80548096,,41.29838181,41.68119812,42.78789902,45.46208954,45.3492012,46.56684113,,42.99850845,45.52138901,46.14830017,46.4720192,48.51205063,49.75878906,,52.55075073,
Mauritius,MUS,"Gross enrolment ratio, primary to tertiary, both sexes (%)",SE.TOT.ENRR,,51.98152924,53.27436829,53.50460815,53.68498993,53.58808136,53.4677887,55.38188171,55.08338928,53.29887009,52.45772171,53.53659058,53.42835999,53.86695099,52.40462875,53.45175934,54.27310181,54.90370178,55.05329895,55.89308167,56.64146042,,,,,,61.63142014,62.87442017,,66.41034698,67.13574982,68.99591064,69.64788818,71.56601715,72.93441772,75.60188293,76.09062195,76.65072632,77.18521118,78.22006989,78.10195923,78.5753479,81.0542984,80.33252716,82.87203217,81.27549744,
Mexico,MEX,"Gross enrolment ratio, primary to tertiary, both sexes (%)",SE.TOT.ENRR,,52.14569855,53.41688156,,57.3697319,58.07115173,59.9770813,62.40998077,63.35614014,66.72527313,68.33634949,69.87375641,70.98119354,71.30316925,71.49848175,,69.78794861,68.82434845,67.74221039,66.67156219,65.14584351,63.78501892,,62.66353989,62.93975067,63.76398849,64.79773712,65.82491302,67.25296783,68.2427597,69.42272949,70.06478119,71.15988159,72.54606628,72.89125824,72.91943359,73.17917633,73.52870178,74.18453217,74.31939697,74.82327271,75.22099304,76.16602325,76.80892944,77.76016235,,
"Micronesia, Fed. Sts.",FSM,"Gross enrolment ratio, primary to tertiary, both sexes (%)",SE.TOT.ENRR,,,,,,,,,,,,,,,,,,,,,,,,,,,,,,,,,,,75.42973328,,,,,,,,,,,,
Moldova,MDA,"Gross enrolment ratio, primary to tertiary, both sexes (%)",SE.TOT.ENRR,,,,,,,,,,,,,,,,,,,,,77.0033493,76.22870636,,,,71.34705353,69.204422,69.28160858,,72.26777649,71.59224701,70.3497467,70.64247131,70.94612885,71.37532806,71.09944153,71.86483002,71.5654068,70.52908325,69.48445129,68.99781799,69.45974731,70.05499268,70.70742035,70.61051178,70.27178955,
Monaco,MCO,"Gross enrolment ratio, primary to tertiary, both sexes (%)",SE.TOT.ENRR,,,,,,,,,,,,,,,,,,,,,,,,,,,,,,,,,,,,,,,,,,,,,,,
Mongolia,MNG,"Gross enrolment ratio, primary to tertiary, both sexes (%)",SE.TOT.ENRR,,69.37928772,68.75052643,68.90202332,68.65405273,69.38648224,69.81774902,,,72.71743774,73.16123199,73.13320923,,71.40213776,,,71.32865143,,,,70.43789673,67.29959869,61.09711075,53.44610977,53.12078094,53.7567482,56.40763092,58.26131821,60.82825089,62.51586914,65.47840881,69.56620026,71.59786224,75.61654663,78.62062073,78.71002197,79.4072113,,,86.24739075,88.54692841,,,,,87.89988708,
Montenegro,MNE,"Gross enrolment ratio, primary to tertiary, both sexes (%)",SE.TOT.ENRR,,,,,,,,,,,,,,,,,,,,,,,,,,,,,,,,,,72.91425323,73.49533081,75.26178741,77.67495728,81.16728973,84.62178802,87.35266876,88.66264343,,,,,,
Morocco,MAR,"Gross enrolment ratio, primary to tertiary, both sexes (%)",SE.TOT.ENRR,,24.12911034,24.25919914,24.33164024,24.71533012,25.60218048,27.83255005,29.23139,31.18927956,32.95740128,,36.77428818,39.03821182,40.75204086,41.57270813,,40.89476013,40.9131012,40.94108963,39.85131836,40.30596161,40.32522964,41.08304977,42.54682922,44.1652298,45.47378922,,46.87282944,46.71250153,48.61759186,51.09111023,53.12250137,55.45943069,57.14852905,58.34349823,59.18529129,59.15576172,60.52725983,61.504879,62.78087997,65.04044342,67.38406372,69.76837921,,,,
Mozambique,MOZ,"Gross enrolment ratio, primary to tertiary, both sexes (%)",SE.TOT.ENRR,,15.16049004,,16.90183067,,,,33.06047058,34.48751068,35.55921173,,33.42295074,34.3628006,,,29.58942986,,27.64809036,,,,,24.20718956,24.11817932,24.85923004,26.43853951,,,,34.40488815,,,,,46.76575851,50.60691833,52.53992081,56.37924957,59.09286118,59.96569824,61.04859924,59.38312149,58.67876053,61.42509079,61.0840416,61.51781845,
Myanmar,MMR,"Gross enrolment ratio, primary to tertiary, both sexes (%)",SE.TOT.ENRR,,38.62879944,38.05007172,38.3864212,,,37.77368927,37.56848145,,38.9595108,,40.74641037,42.55057144,,43.05926132,42.13328171,42.10747147,44.30717087,43.58541107,44.34981155,39.52399826,,46.44548035,46.88396835,47.01422119,46.04880905,,,,,,46.83852005,,,,,,52.11817169,,,,,,,,,
Namibia,NAM,"Gross enrolment ratio, primary to tertiary, both sexes (%)",SE.TOT.ENRR,,,,,,,,,,,,,,,,,,,,,,71.60212708,,,75.80625153,74.47081757,,72.57888031,72.28948212,70.75679016,,73.05976868,72.53613281,72.76719666,,71.03407288,70.26069641,,,,,,,,,,
Nauru,NRU,"Gross enrolment ratio, primary to tertiary, both sexes (%)",SE.TOT.ENRR,,,,,,,,,,,,,,,,,,,,,,,,,,,,,,,58.0005188,57.94752884,54.28934097,51.9413681,53.39450073,64.85614014,60.09798813,52.99237823,56.12797928,,,,,,,,
Nepal,NPL,"Gross enrolment ratio, primary to tertiary, both sexes (%)",SE.TOT.ENRR,,,,,17.00905037,18.88773918,20.28837967,23.73674011,26.94095039,30.95302963,,34.57836914,36.56111908,39.33259964,41.33589935,42.09740829,42.96012878,44.23051071,46.40029907,52.7770195,55.96580887,57.04692078,58.6930809,58.53583145,58.63943863,58.90449142,61.43983078,,,,57.25159836,56.18016052,60.27690887,60.104599,,62.32115936,65.40750122,65.32554626,66.94776154,70.58812714,74.90046692,76.27371216,,75.31983948,73.73143005,72.9287796,
Netherlands,NLD,"Gross enrolment ratio, primary to tertiary, both sexes (%)",SE.TOT.ENRR,,68.44107819,70.12986755,,,72.78822327,74.82263184,75.58573914,75.93016052,75.63381195,75.90775299,75.60520172,75.45700073,75.50977325,75.88896179,75.66615295,82.49781036,82.88339996,83.22911835,83.32692719,84.45433044,86.39266968,86.47818756,88.2407074,99.22633362,99.07962799,99.21048737,97.50908661,98.21665955,97.66352844,98.84076691,99.71439362,98.54302979,98.67645264,97.73094177,98.11712646,98.43759918,99.02599335,99.653862,100.0147171,101.2487869,106.8276215,106.9199905,,,,
New Caledonia,NCL,"Gross enrolment ratio, primary to tertiary, both sexes (%)",SE.TOT.ENRR,,,,,,,,,,,,,,,,,,,,,,,,,,,,,,,,,,,,,,,,,,,,,,,
New Zealand,NZL,"Gross enrolment ratio, primary to tertiary, both sexes (%)",SE.TOT.ENRR,74.13227081,73.67575836,75.247612,74.98150635,74.76817322,75.40657806,76.5104599,76.45614624,,76.15072632,75.1811676,74.39852905,74.20115662,74.81520081,75.78183746,75.39627838,75.98651886,76.84580231,78.30718994,79.4384079,79.31475067,81.23525238,83.4131012,87.97174835,91.7780304,93.66812134,94.65615845,96.35610199,97.09900665,97.14813995,97.20198822,98.26016998,101.141861,102.5451736,105.08461,106.0863419,106.0734634,107.5563431,105.9420929,110.5102463,107.8084335,106.6615601,105.6256027,104.5081863,104.8602829,105.6668167,
Nicaragua,NIC,"Gross enrolment ratio, primary to tertiary, both sexes (%)",SE.TOT.ENRR,36.90980148,37.60432816,37.67713165,37.85710144,38.17404175,39.99206161,42.00785828,42.90544891,,45.23830032,51.93973923,,51.87781143,54.3320694,51.44456863,50.74435043,49.62939072,51.31837082,,,52.38677979,55.72999954,56.68735886,,,59.07738876,,,,,,,70.60475159,,,,,,,,,,,,,,
Niger,NER,"Gross enrolment ratio, primary to tertiary, both sexes (%)",SE.TOT.ENRR,,5.195879936,5.447730064,5.726389885,6.164929867,6.595839977,7.566589832,8.448109627,9.276820183,9.826720238,10.89276028,11.80173016,12.02068996,11.86271,11.84152031,,,,,13.49304008,13.97192955,,14.36734962,,,,,,,,,,,21.61528015,24.0300808,25.29297066,26.17182922,27.12907028,29.04974937,31.04047012,33.31235123,35.30667877,36.62944031,,,,
Nigeria,NGA,"Gross enrolment ratio, primary to tertiary, both sexes (%)",SE.TOT.ENRR,,,,,,,,27.03607941,34.10253906,40.36463165,43.56278992,48.31847,54.09680939,56.10536957,57.20466995,55.30783844,50.06641006,48.52655029,,44.78516006,,,,,,,,,,47.76737976,49.95478821,49.71855164,51.6648407,,55.17261887,55.66593933,,,,,52.63127899,55.64118958,,,,,
Northern Mariana Islands,MNP,"Gross enrolment ratio, primary to tertiary, both sexes (%)",SE.TOT.ENRR,,,,,,,,,,,,,,,,,,,,,,,,,,,,,,,,,,,,,,,,,,,,,,,
Norway,NOR,"Gross enrolment ratio, primary to tertiary, both sexes (%)",SE.TOT.ENRR,,70.28620911,71.19815826,72.85339355,73.76907349,74.22387695,73.95497894,74.92249298,74.77311707,75.62354279,76.32386017,76.376091,76.69571686,77.58390045,77.35899353,77.28932953,76.85949707,76.71105194,76.13192749,76.91436005,80.03987122,81.88075256,83.70950317,87.33625031,92.52638245,89.56819153,91.04363251,87.8598175,95.25240326,97.3727417,97.81114197,97.57151031,97.72113037,99.63786316,100.1196823,99.0533905,99.25350189,98.66700745,97.38574982,97.13297272,98.04183197,98.11595154,97.22635651,98.01657104,97.94207764,98.06034088,
Oman,OMN,"Gross enrolment ratio, primary to tertiary, both sexes (%)",SE.TOT.ENRR,,,,,,,,18.22513008,20.49448013,22.34160995,23.7004509,25.83993912,27.95866013,31.44334984,34.9159584,38.94633102,42.16954041,45.10432816,47.56430817,50.09177017,52.75062943,55.31949997,57.58325958,59.85279846,61.67586899,63.01762009,64.43502808,63.56930923,63.79581833,,,,,,,,,,,,,,,,,,
Pakistan,PAK,"Gross enrolment ratio, primary to tertiary, both sexes (%)",SE.TOT.ENRR,,25.56401062,25.49327087,26.53924942,27.43658066,27.76946068,27.96940041,28.29878998,25.75638962,24.94288063,24.80781937,,,,,,28.15273094,29.13739014,29.56559944,,30.4908905,,,,,,,,,,,,,35.93552017,38.48711014,40.62308884,41.71421051,44.57297897,44.78528976,45.46662903,,45.60927963,46.49945068,46.93465042,49.09743118,50.1740799,
Palau,PLW,"Gross enrolment ratio, primary to tertiary, both sexes (%)",SE.TOT.ENRR,,,,,,,,,,,,,,,,,,,,,,,,,,,,,,,,,,,,,,,,,,,,97.6684494,,,
Panama,PAN,"Gross enrolment ratio, primary to tertiary, both sexes (%)",SE.TOT.ENRR,56.46432114,62.17662811,65.44786072,68.0209198,69.43424225,70.10601044,71.00287628,71.33441162,71.20330811,70.19528961,68.79788971,67.63558197,66.87126923,65.65231323,66.44879913,66.20005035,66.7090683,65.63635254,64.30726624,63.92147064,64.20803833,64.22409821,64.70443726,65.61119843,65.28855133,66.55410004,67.77378845,,,71.93769836,73.45063782,74.80223846,76.00203705,,76.88123322,76.84954071,76.96412659,77.37872314,76.36582184,76.26094055,76.86821747,76.06899261,81.50292969,75.97368622,,,
Papua New Guinea,PNG,"Gross enrolment ratio, primary to tertiary, both sexes (%)",SE.TOT.ENRR,,,24.40430069,25.48535919,,,,,,,,,,,28.73292923,,28.9225502,,,,,,,,,32.52943039,,,36.97753143,,,,,,,,,,,,,,,,,,
Paraguay,PRY,"Gross enrolment ratio, primary to tertiary, both sexes (%)",SE.TOT.ENRR,48.64759064,49.03757858,48.60929108,48.83982849,48.5369606,47.8667984,,,,,52.92757034,53.61022949,54.25199127,54.64945984,54.56993103,54.09936905,53.42657089,53.4455986,54.16691971,54.94387054,56.16254044,,,62.18547821,,63.61787033,65.20323181,,,71.32028198,73.09300995,74.32331848,76.30570221,73.28755951,72.97177887,72.78025818,,71.07845306,72.03056335,72.17183685,71.58763885,,,,,,
Peru,PER,"Gross enrolment ratio, primary to tertiary, both sexes (%)",SE.TOT.ENRR,59.91505051,60.66411972,61.50976181,63.44480896,64.58538055,65.95490265,67.53771973,68.45713043,,69.94172668,70.19091797,71.16899872,72.43602753,72.31221771,72.54522705,75.18408203,73.88446045,74.5270462,75.49507904,76.72988892,77.3504715,77.23538971,75.79042816,75.19808197,76.68164063,77.43051147,77.41657257,77.18263245,,85.57111359,87.65688324,87.36199951,84.56938934,81.42881775,82.25566101,81.93744659,82.58437347,,,,83.62492371,,,,,,
Philippines,PHL,"Gross enrolment ratio, primary to tertiary, both sexes (%)",SE.TOT.ENRR,,69.38085938,68.20995331,66.97409821,67.18611145,67.92391205,68.96829987,70.49739838,71.44135284,73.53263855,72.41355896,73.68856049,72.56503296,72.67672729,73.2589035,72.50112915,70.29686737,71.00914764,72.32834625,74.34339142,75.00588989,75.29647064,74.71983337,,,74.91973114,76.690979,,76.52700043,77.37750244,,77.36694336,78.62243652,78.68888092,78.75605774,78.02246094,76.91985321,,79.32730103,77.58129883,,,,85.13391113,,,
Poland,POL,"Gross enrolment ratio, primary to tertiary, both sexes (%)",SE.TOT.ENRR,,65.89965057,65.09722137,64.46472931,64.17440033,63.89294815,63.725811,63.77873993,63.76927185,63.98292923,64.42404175,65.41483307,66.21891785,67.20879364,69.09693146,70.99861145,72.44016266,73.81726837,74.96351624,75.35591888,75.56636047,75.68457031,75.39717865,78.80623627,79.52977753,78.62587738,79.27503967,81.87751007,83.3600235,84.89829254,86.08875275,87.58400726,88.68865204,89.42373657,85.07106781,86.26561737,86.4657135,86.7914505,87.35938263,88.01991272,89.17346954,89.53575134,90.16638947,97.31829834,95.23468781,,
Portugal,PRT,"Gross enrolment ratio, primary to tertiary, both sexes (%)",SE.TOT.ENRR,,59.97946167,61.1698494,62.34960938,63.80659866,64.76677704,67.82759857,68.70913696,68.78829956,66.06458282,66.71421814,,,,,,68.92951202,73.39334106,,,68.91117096,71.20757294,75.18036652,81.83264923,84.96205139,86.43435669,87.91333008,,89.37944031,88.76216125,90.46257019,91.75798798,91.94303894,92.57743835,88.96524811,90.02031708,90.46042633,92.79438019,94.8342514,95.50171661,96.45163727,97.16558075,97.63303375,100.8266068,99.06260681,98.58316803,
Puerto Rico,PRI,"Gross enrolment ratio, primary to tertiary, both sexes (%)",SE.TOT.ENRR,,,,,,,,,,,,,,,,,,,,,,,,,,,,,,,,,,,,,,,,93.5528183,95.21807861,91.88108063,84.75605011,85.03611755,84.97692871,,
Qatar,QAT,"Gross enrolment ratio, primary to tertiary, both sexes (%)",SE.TOT.ENRR,,51.2120018,,,,,63.17147827,62.72520065,,,67.73832703,68.7039032,69.75486755,71.42025757,67.19618988,71.67474365,74.5581665,70.75126648,70.93910217,71.50583649,71.68660736,69.43031311,67.04798126,68.96330261,71.53626251,73.06038666,75.70433807,,79.89054108,80.13182831,,77.18508148,75.88523102,76.79064941,75.8971405,75.74629974,,63.24803162,59.37891006,57.75640106,58.52444077,,,,56.2741394,60.01908112,
Romania,ROU,"Gross enrolment ratio, primary to tertiary, both sexes (%)",SE.TOT.ENRR,,62.21237946,60.99053955,60.11738968,59.8941803,,,,,,,,,,,,,,,70.93370819,70.26450348,64.07257843,61.13536835,59.79610062,59.51028061,60.36803055,62.59566116,63.5003891,65.10627747,66.10282898,66.92208862,68.62210083,71.04277039,73.28997803,75.51837921,76.76000214,78.54064941,82.09188843,86.87113953,89.63587189,89.62586212,88.32897949,85.56916809,,,83.81723022,
Russian Federation,RUS,"Gross enrolment ratio, primary to tertiary, both sexes (%)",SE.TOT.ENRR,,80.17990112,,,,,77.72759247,,,,,78.69928741,,,,,85.52709198,87.42707062,88.12129211,87.47425079,86.80227661,85.73349762,83.90605927,81.56079865,79.84159088,79.78588867,80.58390808,80.45558929,80.74620819,81.45079803,,,,88.52442932,,81.76287079,81.51879883,82.07132721,82.72202301,83.83444977,,87.58023834,89.35735321,91.24504089,92.12780762,95.14872742,
Rwanda,RWA,"Gross enrolment ratio, primary to tertiary, both sexes (%)",SE.TOT.ENRR,,28.14596939,,,,,24.10506058,25.47780037,26.54740906,28.71375084,31.20623016,33.48989868,,,33.97307968,34.40655136,34.90550995,35.8667984,36.49362183,37.30582809,37.08813858,,,,,,,,,44.97294998,47.65589905,47.20848083,48.30841827,51.11532974,54.43312073,56.78723145,60.99250031,63.48900986,64.21573639,66.88987732,68.97559357,71.03720856,71.90352631,72.75302124,71.12571716,70.34182739,
Samoa,WSM,"Gross enrolment ratio, primary to tertiary, both sexes (%)",SE.TOT.ENRR,57.95648956,,,58.55644989,,64.333992,,67.22348785,67.53514099,,,67.99758148,,,,,,,,,,,,,,,,,70.9210968,71.69457245,71.32421112,,,,,,,,,,,,,,,,
San Marino,SMR,"Gross enrolment ratio, primary to tertiary, both sexes (%)",SE.TOT.ENRR,,,,,,,,,,,,,,,,,,,,,,,,,,,,,,,,,,,,,,,,,87.87384033,86.17511749,85.33496857,,,,
Sao Tome and Principe,STP,"Gross enrolment ratio, primary to tertiary, both sexes (%)",SE.TOT.ENRR,,39.16373062,43.80778122,,,,59.40980148,52.18986893,,,,57.91693115,60.08535004,61.80690002,60.08179092,,,53.36769104,57.03828812,,,,,,,,,,,,,,,65.86663055,67.22200012,68.64095306,,66.8937912,65.82745361,69.45028687,69.36386871,,69.96102905,,75.79361725,80.26667786,
Saudi Arabia,SAU,"Gross enrolment ratio, primary to tertiary, both sexes (%)",SE.TOT.ENRR,,,,,,,,,,34.90906906,,,,,,,,,,,,,,,,,,,,,,,,,,75.14933014,,76.30896759,,78.55111694,,,,93.09156036,95.67571259,,
Senegal,SEN,"Gross enrolment ratio, primary to tertiary, both sexes (%)",SE.TOT.ENRR,,19.78581047,19.95017052,,,,,,21.55474091,,22.56860924,23.43831062,24.41263008,25.64438057,26.26528931,26.90571976,28.05319023,,,,,,29.09664917,,,,,31.48060036,,32.45101929,,,,,38.5723114,40.06721878,40.67013931,,44.96052933,,46.93408966,48.87905884,,,,53.50991058,
Serbia,SRB,"Gross enrolment ratio, primary to tertiary, both sexes (%)",SE.TOT.ENRR,,,,,,,,,,,,,,,,,,,,,,,,,,,,,,,,75.89576721,74.50615692,75.23439026,75.4682312,76.82589722,77.5303421,77.84822845,78.39881897,79.01130676,78.5198288,81.52908325,82.37077332,83.54714966,84.10501099,85.20783997,
Seychelles,SYC,"Gross enrolment ratio, primary to tertiary, both sexes (%)",SE.TOT.ENRR,54.9452095,55.96886826,56.09934998,55.78602982,56.42140961,54.28969955,50.28332138,,54.23947144,54.77035904,54.99499893,58.16135025,62.11437988,63.09566116,71.37799072,72.95179749,74.4107666,74.35814667,74.32601166,74.25238037,,75.10488892,75.01177216,74.64025116,75.78784943,74.87464905,75.32235718,,75.62709808,69.59007263,68.77239227,65.1858902,66.45674896,66.82646179,65.33692169,70.29886627,62.53876877,71.2946167,71.62648773,71.39848328,71.27086639,62.58361816,72.54460907,71.44902039,76.87525177,77.22563171,
Sierra Leone,SLE,"Gross enrolment ratio, primary to tertiary, both sexes (%)",SE.TOT.ENRR,,20.0777607,21.10872078,20.45899963,21.59796906,22.34157944,23.43511963,24.33316994,24.76903915,,,30.84909058,,,35.1114006,37.14572144,36.22584915,,34.83570099,31.11990929,30.0396595,28.02404022,,,,,,,,,,46.35126114,,,,,,,,,,,,,,,
Singapore,SGP,"Gross enrolment ratio, primary to tertiary, both sexes (%)",SE.TOT.ENRR,,,,,,,,,,,,,,,,,,,,,,,,,,,,,,,,,,,,,,,,,,,,,,,
Sint Maarten (Dutch part),SXM,"Gross enrolment ratio, primary to tertiary, both sexes (%)",SE.TOT.ENRR,,,,,,,,,,,,,,,,,,,,,,,,,,,,,,,,,,,,,,,,,,,,,,,
Slovak Republic,SVK,"Gross enrolment ratio, primary to tertiary, both sexes (%)",SE.TOT.ENRR,,,,,,,,,,,,,,,,,,,,,,,,70.87168121,70.7697525,71.14571381,71.68148041,71.62332153,70.5005722,70.79768372,71.80458069,72.27651978,73.25997925,74.65782166,76.07272339,77.74720764,79.04798889,80.72531891,81.48892212,81.97844696,82.34272003,82.08045197,82.19338226,82.42742157,81.85137177,,
Slovenia,SVN,"Gross enrolment ratio, primary to tertiary, both sexes (%)",SE.TOT.ENRR,,,,,,,,,,,,,57.31494141,62.01371002,66.01384735,67.86618805,68.176651,68.32382202,68.61122131,68.99041748,70.19606781,70.40039825,72.13197327,71.63886261,72.50154877,73.95767975,74.93123627,76.46791077,79.23766327,84.08615875,85.11759186,90.06452179,93.15602112,95.82933044,93.51554871,92.21465302,93.48197937,93.85067749,94.03452301,94.19271851,95.12197876,94.05397797,94.66390228,99.02120209,98.45760345,,
Solomon Islands,SLB,"Gross enrolment ratio, primary to tertiary, both sexes (%)",SE.TOT.ENRR,37.27576065,43.00234985,42.69487,41.59534836,,41.75540161,41.3771019,39.68566895,39.0435791,38.04785156,39.27841949,39.03754044,39.38222122,42.5542984,,,41.23257065,,,,41.89147186,42.4240799,44.80847168,47.10578156,48.68460083,,,,,43.54745102,40.57870865,,48.57331848,,,50.62023926,54.58932877,55.41804886,,,,,,,,,
Somalia,SOM,"Gross enrolment ratio, primary to tertiary, both sexes (%)",SE.TOT.ENRR,,4.452819824,5.199500084,,,,15.53468037,,,,,,,,,,,,,,,,,,,,,,,,,,,,,,,,,,,,,,,,
South Africa,ZAF,"Gross enrolment ratio, primary to tertiary, both sexes (%)",SE.TOT.ENRR,,,,,,,,,,,,,,,,,,,,69.39167786,70.67218018,72.48539734,,,78.3518219,,,,82.21984863,81.30293274,,,,,,,,,,,,,73.67945099,,77.43074799,,
South Sudan,SSD,"Gross enrolment ratio, primary to tertiary, both sexes (%)",SE.TOT.ENRR,,,,,,,,,,,,,,,,,,,,,,,,,,,,,,,,,,,,,,,,,,,,,,,
Spain,ESP,"Gross enrolment ratio, primary to tertiary, both sexes (%)",SE.TOT.ENRR,,61.76099014,62.05807114,63.73461914,65.80853271,67.99134064,70.12628937,71.18634033,71.99825287,73.43708038,74.48148346,74.63043976,75.60675049,76.56806946,76.25353241,77.3477478,80.48976135,81.67884827,82.42819977,83.12917328,82.05625916,83.13774872,84.13777161,86.57121277,88.07955933,88.64717102,89.48869324,88.92945862,89.67752838,90.0415802,90.98401642,91.33602142,91.53411102,92.30718994,93.9562912,95.60991669,96.56990051,97.64920807,98.90898132,100.186058,103.5064087,106.1316299,107.2340622,108.51931,108.5956421,109.2874603,
Sri Lanka,LKA,"Gross enrolment ratio, primary to tertiary, both sexes (%)",SE.TOT.ENRR,53.3801918,54.82318115,,51.98387909,49.49811172,,,,,,,57.37078094,57.80712128,58.52719879,59.44911957,60.32957077,61.79669952,,,,,,,,66.78257751,,,,,,,,,,,,,,,,76.32142639,77.14253998,77.78901672,78.84295654,,,
St. Kitts and Nevis,KNA,"Gross enrolment ratio, primary to tertiary, both sexes (%)",SE.TOT.ENRR,,,,,,,,,,,,,,,67.29750824,66.76570129,69.34339905,71.27851868,72.29154205,,,,75.27297974,75.35569,,,,,,,,,,,,,,,75.22428131,,,,,,85.48674774,84.72582245,
St. Lucia,LCA,"Gross enrolment ratio, primary to tertiary, both sexes (%)",SE.TOT.ENRR,,,,,,,,70.3927002,69.55664063,,67.16506958,63.23154068,67.2462616,68.74562836,69.29154205,72.48658752,,73.36437988,,,,,,82.45610809,,,,,,,,,,,71.79205322,72.96507263,74.65677643,73.53263092,,,,,,,,,
St. Martin (French part),MAF,"Gross enrolment ratio, primary to tertiary, both sexes (%)",SE.TOT.ENRR,,,,,,,,,,,,,,,,,,,,,,,,,,,,,,,,,,,,,,,,,,,,,,,
St. Vincent and the Grenadines,VCT,"Gross enrolment ratio, primary to tertiary, both sexes (%)",SE.TOT.ENRR,,,,,,,,,,,,,,,,,64.15799713,64.52030182,,,,,,,,,,,,,76.1084137,76.81604767,76.77288818,78.28971863,78.28214264,,,,,,,,,,,,
Sudan,SDN,"Gross enrolment ratio, primary to tertiary, both sexes (%)",SE.TOT.ENRR,,,,,,,,,,,,,,,,,,,,,,,,,,,,,,,,37.29600906,37.73125076,38.60214996,40.59088898,41.36257172,43.08631134,42.60985947,45.8910408,46.90039063,46.72187042,44.19791031,45.94142151,47.7047081,,,
Suriname,SUR,"Gross enrolment ratio, primary to tertiary, both sexes (%)",SE.TOT.ENRR,,,,,,,,,,,,60.68146133,65.85060883,66.61038208,67.28341675,70.60408783,73.13603973,68.41635132,68.0583725,70.02638245,66.18398285,,,,,,,,,,,,67.59574127,,,,,,,,,,,,,,
Swaziland,SWZ,"Gross enrolment ratio, primary to tertiary, both sexes (%)",SE.TOT.ENRR,43.05472183,43.75255966,46.02769852,48.31344986,50.07931137,51.24906921,51.55789185,52.60218048,,53.78372955,55.17987061,,,,,59.43484116,,58.04940033,,,,,61.8792305,61.62498093,,,61.35528946,,,59.99055862,58.78125,,57.13584137,,59.87450027,60.76599121,63.3142395,,,,,66.67759705,,66.73207855,,,
Sweden,SWE,"Gross enrolment ratio, primary to tertiary, both sexes (%)",SE.TOT.ENRR,,67.23667145,65.71572876,69.95147705,70.03294373,71.25827026,72.39801788,72.76117706,74.04866028,75.8996582,76.01091766,74.57798767,74.45613098,74.62336731,74.34835815,73.23908234,74.22180176,73.48651886,73.74346161,73.46711731,73.59150696,74.12058258,75.63973999,87.99945831,90.87522125,93.29576874,96.25695038,99.31002808,107.8850632,112.7127991,112.5190811,112.4683228,112.4076538,111.4727783,96.1542511,95.47781372,94.60340118,93.24933624,92.69551086,92.06729126,92.81845093,91.69238281,90.91914368,104.1518631,105.1621475,107.9925995,
Switzerland,CHE,"Gross enrolment ratio, primary to tertiary, both sexes (%)",SE.TOT.ENRR,,,,,,,,,69.29109192,69.64608765,69.93126678,70.04817963,69.65531158,68.96472931,68.62727356,68.48322296,68.10530853,68.11327362,68.47212219,69.17057037,70.58410645,71.78444672,72.81954956,75.08370972,76.36067963,77.59236908,78.98784637,,82.50588226,83.66400146,84.5300293,84.89778137,84.60163116,85.1754303,85.44132996,85.17476654,85.32967377,85.06826782,84.97157288,85.17198181,86.1158905,86.69611359,86.91629791,87.64320374,88.09047699,88.88848114,
Syrian Arab Republic,SYR,"Gross enrolment ratio, primary to tertiary, both sexes (%)",SE.TOT.ENRR,,48.75001907,51.51908875,54.30018997,55.55654907,56.29631042,57.62448883,58.48519897,59.21334076,60.06789017,60.23311996,61.0679512,62.01557159,62.90513992,64.83277893,66.40570068,67.71450043,69.02758026,68.57845306,68.03791046,66.75509644,66.21993256,65.4366684,64.4234314,63.3248291,62.14971924,,,,,,,62.84294128,64.9271698,67.02687836,69.45066833,70.18125916,70.76734161,71.38556671,71.13616943,72.66821289,75.30313873,79.28240204,54.5071907,,,
Tajikistan,TJK,"Gross enrolment ratio, primary to tertiary, both sexes (%)",SE.TOT.ENRR,,,,,,,,,,,,,,,,,,,,,,77.89756012,77.62561798,72.37828827,68.56501007,68.73342896,,,,67.03160858,66.90162659,66.94032288,68.11768341,69.6307373,69.62568665,69.31778717,69.19541931,68.90313721,69.23548889,68.8588028,69.03122711,68.97586823,69.48638916,70.14524841,,,
Tanzania,TZA,"Gross enrolment ratio, primary to tertiary, both sexes (%)",SE.TOT.ENRR,16.77158928,17.47802925,18.61034966,19.8945694,21.56735039,26.17347908,30.9324894,34.76652145,44.01977158,45.63491058,,,45.07606888,44.21054077,41.98989105,37.11901093,35.90737152,34.9203186,,34.02043152,,34.57453156,34.27890015,34.32600021,33.73086166,33.4408989,32.9824295,33.17734909,,,,,,,,,,,,,56.44673157,,55.26150131,52.29811859,,,
Thailand,THA,"Gross enrolment ratio, primary to tertiary, both sexes (%)",SE.TOT.ENRR,,46.52772141,47.40753937,47.84304047,48.32775116,48.25003815,48.21667099,48.38682938,48.35586166,49.29090881,51.13682938,50.85309982,53.5489502,,53.35110855,52.62187958,51.46778107,,48.97037125,,49.05574036,,,53.16220093,,55.46136093,56.54788971,58.6971283,61.75463867,,,67.68688202,68.8080368,,70.4598999,72.59393311,72.1865387,75.47486115,75.76766205,76.80336761,77.74600983,80.03037262,79.73500824,79.41043091,96.37432098,95.3529892,
Timor-Leste,TLS,"Gross enrolment ratio, primary to tertiary, both sexes (%)",SE.TOT.ENRR,,,,,,,,,,,,,,,,,,,,,,,,,,,,,,,,,68.35420227,,,,,,,75.18592834,81.79060364,,,,,,
Togo,TGO,"Gross enrolment ratio, primary to tertiary, both sexes (%)",SE.TOT.ENRR,,29.77127075,32.82479095,35.93706131,37.96744156,40.03842926,44.20320129,48.14530945,50.99792099,54.81909943,56.99856949,,54.73979187,51.08610153,44.85409927,,,43.59439087,44.41909027,45.33594894,46.78736115,48.34550095,47.48194885,,45.67050171,50.92277145,53.69683075,,,,57.19240189,,,60.43692017,60.53223038,61.09011078,63.54212952,60.32704926,,,,71.89398193,,,,,
Tonga,TON,"Gross enrolment ratio, primary to tertiary, both sexes (%)",SE.TOT.ENRR,79.59102631,,,,,,,,81.37077332,,,86.75921631,,,81.10514832,76.73644257,,,,,,,,,,,,,,81.6947937,80.22788239,80.58341217,82.80375671,88.61865997,,,,,,,,,,,,,
Trinidad and Tobago,TTO,"Gross enrolment ratio, primary to tertiary, both sexes (%)",SE.TOT.ENRR,,68.05448914,67.28166199,65.45424652,,,,64.70513916,,,,61.82109833,63.02669907,63.50653839,63.32181931,64.32095337,65.30998993,68.27172852,69.94180298,69.83178711,,68.7544632,68.38352966,68.60173035,,,,,,,,,,,67.30071259,,,,,,,,,,,,
Tunisia,TUN,"Gross enrolment ratio, primary to tertiary, both sexes (%)",SE.TOT.ENRR,,53.51716995,52.28120041,48.19636154,46.06565094,46.29140091,46.6366806,47.70117188,48.72180939,49.11429977,49.89599991,50.1199913,51.87617874,54.59716034,56.25881958,57.87633896,59.66117096,59.79967117,60.24908829,60.84481812,62.01343918,62.60377121,63.09909058,64.19802094,66.57247925,67.70652771,68.54129028,68.38149261,71.13916016,72.97345734,74.02886963,74.91491699,75.12962341,75.16953278,76.67883301,77.71362305,77.72637177,77.74894714,77.83908844,77.39022064,77.69644928,78.3359375,,79.34346008,79.50453186,80.63459015,
Turkey,TUR,"Gross enrolment ratio, primary to tertiary, both sexes (%)",SE.TOT.ENRR,,49.78302002,50.1375618,50.5406189,50.38990021,,52.15306091,52.67435837,52.33660126,52.25334167,,50.98999023,51.84183121,52.52539825,55.34461975,,56.96543884,57.30096054,58.42208862,58.2793808,58.77931976,59.26255035,59.73944092,60.31863022,60.81349945,61.4531517,,58.13756943,,66.3775177,,71.90119934,74.12452698,74.95213318,74.05464172,73.76589203,76.42517853,78.16683197,77.97992706,76.29049683,81.24651337,84.20829773,84.59317017,95.7607193,98.69085693,100.2733307,
Turkmenistan,TKM,"Gross enrolment ratio, primary to tertiary, both sexes (%)",SE.TOT.ENRR,,,,,,,,,,,,,,,,,,,,,,,,,,,,,,,,,,,,,,,,,,,,,61.27735901,,
Turks and Caicos Islands,TCA,"Gross enrolment ratio, primary to tertiary, both sexes (%)",SE.TOT.ENRR,,,,,,,,,,,,,,,,,,,,,,,,,,,,,,,,,,,,,,,,,,,,,,,
Tuvalu,TUV,"Gross enrolment ratio, primary to tertiary, both sexes (%)",SE.TOT.ENRR,,,,,,,,,,,,,,,,,,,,,,,,,,,,,,,,69.71684265,,,,,,,,,,,,,,,
Uganda,UGA,"Gross enrolment ratio, primary to tertiary, both sexes (%)",SE.TOT.ENRR,20.15645027,,,,21.39525032,22.93228912,23.84678078,25.36856079,26.09197044,25.67527962,26.58420944,27.88126945,31.71582985,,,37.54713058,38.14812851,38.82703018,39.28456879,,37.36294937,37.30353165,33.83351135,36.06399155,36.3927803,36.80596924,,,,65.79387665,,,,,68.58258057,,,,,,,,,,,,
Ukraine,UKR,"Gross enrolment ratio, primary to tertiary, both sexes (%)",SE.TOT.ENRR,,,,,,,,,,,,79.13034821,79.19972229,79.85607147,80.58480835,81.49284363,82.27152252,,84.71186066,,83.40672302,83.3087616,81.58123779,80.23932648,79.57982635,,,,,87.10243988,86.2990036,90.07792664,92.34282684,89.61932373,89.23932648,90.82295227,92.12538147,92.96109009,93.42019653,93.44438934,93.52068329,94.12638092,95.41693115,95.43257904,96.11341858,,
United Arab Emirates,ARE,"Gross enrolment ratio, primary to tertiary, both sexes (%)",SE.TOT.ENRR,,,,,,,,,40.78820038,41.45824814,44.26644897,48.2107811,52.41173935,55.38566971,58.83959961,61.52090073,64.7382431,63.92755127,64.02983093,64.90471649,66.4838028,67.94407654,65.28289032,64.9824295,,,,,,,,,,,,,,,,,,,,,,,
United Kingdom,GBR,"Gross enrolment ratio, primary to tertiary, both sexes (%)",SE.TOT.ENRR,,69.77410126,70.73571014,71.35292053,73.56455994,74.16860962,74.38181305,74.20474243,73.40786743,72.63645172,71.52072906,70.53858185,69.79399109,69.7315979,69.31085968,68.85214996,69.44937134,70.02829742,70.52961731,71.13017273,72.48087311,74.67369843,77.37299347,,,,,,88.12928009,90.29046631,90.09606934,90.1761322,91.10626221,90.52812958,92.47914124,92.54589844,89.12039185,87.69219208,87.98252869,88.71539307,90.11560822,86.50861359,86.63719177,98.80950928,99.8108902,,
United States,USA,"Gross enrolment ratio, primary to tertiary, both sexes (%)",SE.TOT.ENRR,,75.83354187,75.99214935,,76.29789734,76.55905151,77.72503662,77.03270721,76.98636627,74.02163696,81.27702332,81.25193787,83.30039978,83.03926086,83.63839722,83.38083649,84.73188782,86.18875122,,,89.58061981,89.97580719,,93.15383148,93.34159851,93.43257904,93.19841003,,93.63915253,93.69007874,91.67218018,92.45903778,92.51844025,93.58493805,93.55142975,93.98069763,94.09619141,95.02593231,95.74490356,96.34284973,97.17017365,97.74900818,97.2784729,96.52628326,96.39418793,,
Uruguay,URY,"Gross enrolment ratio, primary to tertiary, both sexes (%)",SE.TOT.ENRR,,,,,66.63108826,65.5533371,,66.36911774,,64.80449677,,73.22303772,71.62088776,71.0181427,,,,,,76.24125671,77.19651031,77.74476624,76.07884216,,,,76.76828766,,80.86766815,81.64431,83.43842316,86.00811768,89.18702698,91.48061371,91.70291138,90.3913269,90.73782349,92.01281738,90.31582642,90.42696381,89.86872864,,,92.58672333,87.91214752,,
Uzbekistan,UZB,"Gross enrolment ratio, primary to tertiary, both sexes (%)",SE.TOT.ENRR,,,,,,,,,,,,,,,,,80.96724701,,,79.2306366,78.90261841,78.09348297,75.78514862,,,,,,,70.95101166,71.70472717,,,75.81955719,75.68225861,71.75826263,70.94904327,70.53842163,68.9707489,68.77607727,68.44155121,68.01979065,68.53649139,68.33712006,68.52239227,68.98368073,70.23565674
Vanuatu,VUT,"Gross enrolment ratio, primary to tertiary, both sexes (%)",SE.TOT.ENRR,,,,,,,,,,,,,,,,,,,,,,,,,,,,,,59.32098007,61.8012619,62.14422989,62.85253906,64.22982025,63.51337051,,,,,,,,,,,,
"Venezuela, RB",VEN,"Gross enrolment ratio, primary to tertiary, both sexes (%)",SE.TOT.ENRR,,52.50865936,53.53527832,54.16928864,54.20373917,55.13143158,57.78633881,,60.84032059,61.60779953,62.5333519,63.10160065,63.89839172,64.23316956,64.41809845,65.28694916,66.71333313,66.68843842,67.02989197,67.31078339,68.12505341,69.98576355,70.92735291,,,,,,,,66.77568817,,73.62550354,73.52516174,74.67288971,,,,87.52445221,87.78134918,,,,,,,
Vietnam,VNM,"Gross enrolment ratio, primary to tertiary, both sexes (%)",SE.TOT.ENRR,,,,,,,52.84701157,54.39422989,,,55.17417145,,,,,,,,,,48.85446167,,,,,,,,63.12377167,,,,,,,,,,,,,,,,,,
Virgin Islands (U.S.),VIR,"Gross enrolment ratio, primary to tertiary, both sexes (%)",SE.TOT.ENRR,,,,,,,,,,,,,,,,,,,,,,,,,,,,,,,,,,,,,,,,,,,,,,,
West Bank and Gaza,PSE,"Gross enrolment ratio, primary to tertiary, both sexes (%)",SE.TOT.ENRR,,,,,,,,,,,,,,,,,,,,,,,,,,,64.94616699,67.19857788,,70.65413666,71.52320862,72.62963867,73.55245972,75.26425934,77.05612183,78.31826019,78.99617004,79.51972198,79.21785736,78.26589966,77.75344086,77.42304993,76.93260956,75.74111938,75.28640747,75.47502899,
"Yemen, Rep.",YEM,"Gross enrolment ratio, primary to tertiary, both sexes (%)",SE.TOT.ENRR,,,,,,,,,,,,,,,,,,,,,,,,,,,,,,48.33462143,,,,53.39665985,54.8387413,54.88523865,,,52.50452042,,52.88761902,54.77584076,,,,,
Zambia,ZMB,"Gross enrolment ratio, primary to tertiary, both sexes (%)",SE.TOT.ENRR,47.65724945,,,,51.02069855,50.42760849,50.65077972,50.33559036,49.99401855,49.68252182,,49.5499382,49.84375,,,,53.55694962,52.19367981,52.07963943,,50.68964005,,,,,,,,,,,,,,,,,,,,,,,,,,
Zimbabwe,ZWE,"Gross enrolment ratio, primary to tertiary, both sexes (%)",SE.TOT.ENRR,,35.01689148,36.43703079,36.51533127,36.93426895,36.84288025,36.48189926,35.7004509,32.26319122,31.13158989,43.41677094,59.44884872,65.38392639,69.22917938,71.71109009,73.00534821,72.90049744,,,65.92585754,61.09963989,63.84991074,61.33761978,,,,,,,58.00918961,57.53026962,58.86648178,55.54700089,53.33723068,,,,,,,,,59.51988983,59.14833069,,,
